都道府県,都道府県コード,市区町村,市区町村コード,緯度,経度,イベント番号,イベント,発生件数
福井県,18,越前市,209,35.909287,136.175482,4,急加速,2
福井県,18,越前市,209,35.917574,136.191214,4,急加速,2
福井県,18,越前市,209,35.908807,136.176535,4,急加速,3
福井県,18,越前市,209,35.910893,136.184159,4,急加速,2
福井県,18,越前市,209,35.896121,136.145032,4,急加速,2
福井県,18,越前市,209,35.918853,136.174638,4,急加速,2
福井県,18,越前市,209,35.911031,136.189053,4,急加速,2
福井県,18,越前市,209,35.917161,136.188688,4,急加速,3
福井県,18,越前市,209,35.918241,136.179409,4,急加速,3
福井県,18,越前市,209,35.90823,136.189831,4,急加速,2
福井県,18,越前市,209,35.917843,136.18302,4,急加速,4
福井県,18,越前市,209,35.918331,136.179364,4,急加速,2
福井県,18,越前市,209,35.919857,136.165303,4,急加速,4
福井県,18,越前市,209,35.917139,136.18886,4,急加速,11
福井県,18,越前市,209,35.91714799,136.188761,4,急加速,5
福井県,18,越前市,209,35.88482299,136.18386,4,急加速,2
福井県,18,越前市,209,35.905884,136.192038,4,急加速,2
福井県,18,越前市,209,35.889018,136.19165,4,急加速,3
福井県,18,越前市,209,35.880155,136.17348,4,急加速,2
福井県,18,越前市,209,35.906101,136.192021,4,急加速,8
福井県,18,越前市,209,35.902768,136.192269,4,急加速,2
福井県,18,越前市,209,35.872869,136.158386,4,急加速,4
福井県,18,越前市,209,35.871816,136.158113,4,急加速,2
福井県,18,越前市,209,35.87413699,136.161485,4,急加速,2
福井県,18,越前市,209,35.917327,136.191241,4,急加速,2
福井県,18,越前市,209,35.90035499,136.19221,4,急加速,2
福井県,18,越前市,209,35.950133,136.202263,4,急加速,2
福井県,18,越前市,209,35.912642,136.188973,4,急加速,3
福井県,18,越前市,209,35.918328,136.179598,4,急加速,3
福井県,18,越前市,209,35.91986099,136.165235,4,急加速,3
福井県,18,越前市,209,35.924531,136.185388,4,急加速,2
福井県,18,越前市,209,35.908262,136.189775,4,急加速,5
福井県,18,越前市,209,35.91081599,136.17748,4,急加速,2
福井県,18,越前市,209,35.918847,136.174299,4,急加速,2
福井県,18,越前市,209,35.918813,136.174521,4,急加速,2
福井県,18,越前市,209,35.907825,136.192055,4,急加速,2
福井県,18,越前市,209,35.924674,136.185252,4,急加速,2
福井県,18,越前市,209,35.919824,136.165621,4,急加速,3
福井県,18,越前市,209,35.920481,136.130578,4,急加速,2
福井県,18,越前市,209,35.920136,136.146625,4,急加速,3
福井県,18,越前市,209,35.919615,136.132061,4,急加速,4
福井県,18,越前市,209,35.919527,136.132159,4,急加速,3
福井県,18,越前市,209,35.919148,136.132357,4,急加速,2
福井県,18,越前市,209,35.92043,136.130677,4,急加速,2
福井県,18,越前市,209,35.920242,136.146739,4,急加速,4
福井県,18,越前市,209,35.920236,136.146661,4,急加速,3
福井県,18,越前市,209,35.919535,136.132137,4,急加速,4
福井県,18,越前市,209,35.919403,136.132257,4,急加速,2
福井県,18,越前市,209,35.920124,136.146628,4,急加速,6
福井県,18,越前市,209,35.919583,136.13209,4,急加速,3
福井県,18,越前市,209,35.91951799,136.132152,4,急加速,6
福井県,18,越前市,209,35.919466,136.132194,4,急加速,2
福井県,18,越前市,209,35.918934,136.132448,4,急加速,4
福井県,18,越前市,209,35.919559,136.132109,4,急加速,3
福井県,18,越前市,209,35.90591,136.192286,4,急加速,2
福井県,18,越前市,209,35.91735,136.191104,4,急加速,2
福井県,18,越前市,209,35.948762,136.245246,4,急加速,2
福井県,18,越前市,209,35.948423,136.244338,4,急加速,2
福井県,18,越前市,209,35.927013,136.248607,4,急加速,2
福井県,18,越前市,209,35.941649,136.244094,4,急加速,2
福井県,18,越前市,209,35.917918,136.245452,4,急加速,2
福井県,18,越前市,209,35.920124,136.146641,4,急加速,2
福井県,18,越前市,209,35.919519,136.132161,4,急加速,2
福井県,18,越前市,209,35.908453,136.191992,4,急加速,3
福井県,18,越前市,209,35.89867,136.192398,4,急加速,3
福井県,18,越前市,209,35.93625999,136.300085,4,急加速,5
福井県,18,越前市,209,35.92018499,136.146644,4,急加速,2
福井県,18,越前市,209,35.91956299,136.132109,4,急加速,4
福井県,18,越前市,209,35.889543,136.192035,4,急加速,2
福井県,18,越前市,209,35.917985,136.191088,4,急加速,2
福井県,18,越前市,209,35.918829,136.132512,4,急加速,2
福井県,18,越前市,209,35.91957,136.13213,4,急加速,2
福井県,18,越前市,209,35.919468,136.132187,4,急加速,2
福井県,18,越前市,209,35.88716999,136.189312,4,急加速,2
福井県,18,越前市,209,35.87172,136.157732,4,急加速,2
福井県,18,越前市,209,35.906011,136.192108,4,急加速,2
福井県,18,越前市,209,35.906205,136.192048,4,急加速,2
福井県,18,越前市,209,35.889142,136.191859,4,急加速,2
福井県,18,越前市,209,35.912108,136.191688,4,急加速,2
福井県,18,越前市,209,35.920718,136.130135,4,急加速,2
福井県,18,越前市,209,35.919555,136.132151,4,急加速,23
福井県,18,越前市,209,35.920186,136.146649,4,急加速,7
福井県,18,越前市,209,35.905965,136.192094,4,急加速,2
福井県,18,越前市,209,35.919429,136.132218,4,急加速,5
福井県,18,越前市,209,35.920215,136.146661,4,急加速,2
福井県,18,越前市,209,35.907779,136.170734,4,急加速,2
福井県,18,越前市,209,35.91987499,136.165116,4,急加速,4
福井県,18,越前市,209,35.918293,136.179661,4,急加速,2
福井県,18,越前市,209,35.912383,136.18895,4,急加速,2
福井県,18,越前市,209,35.918266,136.179391,4,急加速,2
福井県,18,越前市,209,35.899143,136.195294,4,急加速,3
福井県,18,越前市,209,35.898879,136.192434,4,急加速,2
福井県,18,越前市,209,35.89716,136.192487,4,急加速,2
福井県,18,越前市,209,35.919392,136.132224,4,急加速,5
福井県,18,越前市,209,35.919551,136.132096,4,急加速,5
福井県,18,越前市,209,35.869009,136.15369,4,急加速,2
福井県,18,越前市,209,35.918923,136.174296,4,急加速,2
福井県,18,越前市,209,35.917816,136.183153,4,急加速,3
福井県,18,越前市,209,35.91980499,136.165597,4,急加速,2
福井県,18,越前市,209,35.87283399,136.158086,4,急加速,2
福井県,18,越前市,209,35.852738,136.130485,4,急加速,4
福井県,18,越前市,209,35.901919,136.195474,4,急加速,2
福井県,18,越前市,209,35.873801,136.16105,4,急加速,2
福井県,18,越前市,209,35.87170299,136.155706,4,急加速,2
福井県,18,越前市,209,35.92022399,136.14676,4,急加速,2
福井県,18,越前市,209,35.888454,136.156763,4,急加速,2
福井県,18,越前市,209,35.924928,136.190485,4,急加速,2
福井県,18,越前市,209,35.898908,136.192404,4,急加速,2
福井県,18,越前市,209,35.917298,136.191171,4,急加速,2
福井県,18,越前市,209,35.919606,136.13207,4,急加速,8
福井県,18,越前市,209,35.920153,136.146636,4,急加速,4
福井県,18,越前市,209,35.919488,136.132177,4,急加速,5
福井県,18,越前市,209,35.89334199,136.206742,4,急加速,2
福井県,18,越前市,209,35.882364,136.178308,4,急加速,2
福井県,18,越前市,209,35.890016,136.192309,4,急加速,2
福井県,18,越前市,209,35.898742,136.192397,4,急加速,3
福井県,18,越前市,209,35.872087,136.158098,4,急加速,2
福井県,18,越前市,209,35.91715399,136.188561,4,急加速,2
福井県,18,越前市,209,35.91714799,136.188787,4,急加速,2
福井県,18,越前市,209,35.919584,136.132107,4,急加速,7
福井県,18,越前市,209,35.918875,136.132479,4,急加速,2
福井県,18,越前市,209,35.920129,136.146647,4,急加速,2
福井県,18,越前市,209,35.917358,136.191118,4,急加速,2
福井県,18,越前市,209,35.87374899,136.160943,4,急加速,3
福井県,18,越前市,209,35.889377,136.19191,4,急加速,2
福井県,18,越前市,209,35.919857,136.165078,4,急加速,2
福井県,18,越前市,209,35.919564,136.132115,4,急加速,3
福井県,18,越前市,209,35.920245,136.146694,4,急加速,2
福井県,18,越前市,209,35.91951499,136.132162,4,急加速,9
福井県,18,越前市,209,35.92018499,136.14663,4,急加速,4
福井県,18,越前市,209,35.920204,136.146662,4,急加速,3
福井県,18,越前市,209,35.920277,136.146806,4,急加速,2
福井県,18,越前市,209,35.89915,136.195152,4,急加速,2
福井県,18,越前市,209,35.920135,136.146653,4,急加速,4
福井県,18,越前市,209,35.919036,136.132403,4,急加速,2
福井県,18,越前市,209,35.920163,136.146643,4,急加速,2
福井県,18,越前市,209,35.919522,136.132169,4,急加速,7
福井県,18,越前市,209,35.920203,136.146638,4,急加速,4
福井県,18,越前市,209,35.908848,136.17643,1,急ブレーキ,3
福井県,18,越前市,209,35.908862,136.176394,1,急ブレーキ,4
福井県,18,越前市,209,35.903885,136.176871,1,急ブレーキ,2
福井県,18,越前市,209,35.918389,136.178848,1,急ブレーキ,2
福井県,18,越前市,209,35.90986199,136.173331,1,急ブレーキ,2
福井県,18,越前市,209,35.91674299,136.191266,1,急ブレーキ,2
福井県,18,越前市,209,35.917007,136.197019,1,急ブレーキ,3
福井県,18,越前市,209,35.919845,136.165311,1,急ブレーキ,2
福井県,18,越前市,209,35.921935,136.190714,1,急ブレーキ,3
福井県,18,越前市,209,35.872889,136.156917,1,急ブレーキ,2
福井県,18,越前市,209,35.91081599,136.184544,1,急ブレーキ,2
福井県,18,越前市,209,35.917142,136.188752,1,急ブレーキ,2
福井県,18,越前市,209,35.92465099,136.191237,1,急ブレーキ,2
福井県,18,越前市,209,35.924783,136.190441,1,急ブレーキ,2
福井県,18,越前市,209,35.909641,136.16878,1,急ブレーキ,2
福井県,18,越前市,209,35.88236599,136.178429,1,急ブレーキ,2
福井県,18,越前市,209,35.888774,136.191557,1,急ブレーキ,2
福井県,18,越前市,209,35.932789,136.207595,1,急ブレーキ,2
福井県,18,越前市,209,35.902656,136.192229,1,急ブレーキ,2
福井県,18,越前市,209,35.909384,136.159987,1,急ブレーキ,2
福井県,18,越前市,209,35.911204,136.18912,1,急ブレーキ,3
福井県,18,越前市,209,35.925801,136.165716,1,急ブレーキ,2
福井県,18,越前市,209,35.916455,136.191301,1,急ブレーキ,3
福井県,18,越前市,209,35.909683,136.173539,1,急ブレーキ,3
福井県,18,越前市,209,35.91697,136.190135,1,急ブレーキ,2
福井県,18,越前市,209,35.909036,136.176812,1,急ブレーキ,2
福井県,18,越前市,209,35.888421,136.170941,1,急ブレーキ,3
福井県,18,越前市,209,35.91259,136.191793,1,急ブレーキ,2
福井県,18,越前市,209,35.910814,136.184397,1,急ブレーキ,3
福井県,18,越前市,209,35.91317,136.183871,1,急ブレーキ,2
福井県,18,越前市,209,35.874194,136.161377,1,急ブレーキ,3
福井県,18,越前市,209,35.926834,136.190212,1,急ブレーキ,3
福井県,18,越前市,209,35.90714599,136.192225,1,急ブレーキ,2
福井県,18,越前市,209,35.908596,136.176659,1,急ブレーキ,2
福井県,18,越前市,209,35.896818,136.192402,1,急ブレーキ,2
福井県,18,越前市,209,35.912443,136.188669,1,急ブレーキ,2
福井県,18,越前市,209,35.912429,136.188764,1,急ブレーキ,2
福井県,18,越前市,209,35.912187,136.192669,1,急ブレーキ,3
福井県,18,越前市,209,35.920169,136.161942,1,急ブレーキ,3
福井県,18,越前市,209,35.916978,136.19704,1,急ブレーキ,4
福井県,18,越前市,209,35.923305,136.166137,1,急ブレーキ,2
福井県,18,越前市,209,35.920425,136.15098,1,急ブレーキ,2
福井県,18,越前市,209,35.916589,136.189076,1,急ブレーキ,2
福井県,18,越前市,209,35.901475,136.192255,1,急ブレーキ,2
福井県,18,越前市,209,35.91225699,136.197566,1,急ブレーキ,2
福井県,18,越前市,209,35.871226,136.167921,1,急ブレーキ,2
福井県,18,越前市,209,35.901658,136.192251,1,急ブレーキ,2
福井県,18,越前市,209,35.92575699,136.165713,1,急ブレーキ,4
福井県,18,越前市,209,35.909281,136.175366,1,急ブレーキ,3
福井県,18,越前市,209,35.91335,136.184116,1,急ブレーキ,2
福井県,18,越前市,209,35.917305,136.191274,1,急ブレーキ,2
福井県,18,越前市,209,35.916807,136.192615,1,急ブレーキ,2
福井県,18,越前市,209,35.905803,136.192156,1,急ブレーキ,3
福井県,18,越前市,209,35.902661,136.11553,1,急ブレーキ,3
福井県,18,越前市,209,35.90258699,136.192231,1,急ブレーキ,2
福井県,18,越前市,209,35.908118,136.198525,1,急ブレーキ,2
福井県,18,越前市,209,35.908622,136.176669,1,急ブレーキ,2
福井県,18,越前市,209,35.916699,136.191272,1,急ブレーキ,2
福井県,18,越前市,209,35.908354,136.192059,1,急ブレーキ,2
福井県,18,越前市,209,35.913586,136.179012,1,急ブレーキ,2
福井県,18,越前市,209,35.907567,136.182364,1,急ブレーキ,2
福井県,18,越前市,209,35.91979099,136.179447,1,急ブレーキ,2
福井県,18,越前市,209,35.901483,136.16887,1,急ブレーキ,2
福井県,18,越前市,209,35.910111,136.189349,1,急ブレーキ,3
福井県,18,越前市,209,35.924618,136.190091,1,急ブレーキ,2
福井県,18,越前市,209,35.909666,136.169848,1,急ブレーキ,3
福井県,18,越前市,209,35.908541,136.16999,1,急ブレーキ,2
福井県,18,越前市,209,35.910854,136.186792,1,急ブレーキ,2
福井県,18,越前市,209,35.908015,136.191875,1,急ブレーキ,2
福井県,18,越前市,209,35.917131,136.188838,1,急ブレーキ,2
福井県,18,越前市,209,35.907601,136.182428,1,急ブレーキ,2
福井県,18,越前市,209,35.92654799,136.189686,1,急ブレーキ,2
福井県,18,越前市,209,35.926743,136.190222,1,急ブレーキ,2
福井県,18,越前市,209,35.93278699,136.20748,1,急ブレーキ,2
福井県,18,越前市,209,35.901717,136.154569,1,急ブレーキ,2
福井県,18,越前市,209,35.909585,136.173539,1,急ブレーキ,2
福井県,18,越前市,209,35.91663299,136.183987,1,急ブレーキ,3
福井県,18,越前市,209,35.91364,136.184115,1,急ブレーキ,2
福井県,18,越前市,209,35.909214,136.192015,1,急ブレーキ,2
福井県,18,越前市,209,35.926108,136.190295,1,急ブレーキ,2
福井県,18,越前市,209,35.908163,136.19852,1,急ブレーキ,3
福井県,18,越前市,209,35.91683299,136.192615,1,急ブレーキ,3
福井県,18,越前市,209,35.911758,136.191801,1,急ブレーキ,2
福井県,18,越前市,209,35.902931,136.175572,1,急ブレーキ,2
福井県,18,越前市,209,35.910803,136.183942,1,急ブレーキ,2
福井県,18,越前市,209,35.887169,136.189049,1,急ブレーキ,2
福井県,18,越前市,209,35.90182,136.161185,1,急ブレーキ,2
福井県,18,越前市,209,35.924921,136.19052,1,急ブレーキ,4
福井県,18,越前市,209,35.882274,136.178425,1,急ブレーキ,3
福井県,18,越前市,209,35.889819,136.192285,1,急ブレーキ,2
福井県,18,越前市,209,35.908324,136.192183,1,急ブレーキ,2
福井県,18,越前市,209,35.888686,136.191353,1,急ブレーキ,2
福井県,18,越前市,209,35.901736,136.192207,1,急ブレーキ,4
福井県,18,越前市,209,35.889285,136.191773,1,急ブレーキ,2
福井県,18,越前市,209,35.905852,136.192078,1,急ブレーキ,2
福井県,18,越前市,209,35.926256,136.190184,1,急ブレーキ,3
福井県,18,越前市,209,35.871944,136.167635,1,急ブレーキ,2
福井県,18,越前市,209,35.902082,136.193879,1,急ブレーキ,2
福井県,18,越前市,209,35.936115,136.300392,1,急ブレーキ,2
福井県,18,越前市,209,35.907651,136.18245,1,急ブレーキ,2
福井県,18,越前市,209,35.90843499,136.20234,1,急ブレーキ,2
福井県,18,越前市,209,35.905851,136.192157,1,急ブレーキ,2
福井県,18,越前市,209,35.902474,136.192302,1,急ブレーキ,2
福井県,18,越前市,209,35.926236,136.190205,1,急ブレーキ,2
福井県,18,越前市,209,35.936082,136.300414,1,急ブレーキ,3
福井県,18,越前市,209,35.936121,136.300409,1,急ブレーキ,2
福井県,18,越前市,209,35.936075,136.300397,1,急ブレーキ,2
福井県,18,越前市,209,35.934665,136.300651,1,急ブレーキ,3
福井県,18,越前市,209,35.912383,136.189181,1,急ブレーキ,2
福井県,18,越前市,209,35.91792199,136.245444,1,急ブレーキ,2
福井県,18,越前市,209,35.906157,136.150496,1,急ブレーキ,2
福井県,18,越前市,209,35.90963699,136.168757,1,急ブレーキ,2
福井県,18,越前市,209,35.90819599,136.198174,1,急ブレーキ,2
福井県,18,越前市,209,35.93616699,136.298027,1,急ブレーキ,3
福井県,18,越前市,209,35.88732799,136.189672,1,急ブレーキ,2
福井県,18,越前市,209,35.911502,136.191757,1,急ブレーキ,3
福井県,18,越前市,209,35.911319,136.221502,1,急ブレーキ,2
福井県,18,越前市,209,35.924688,136.144116,1,急ブレーキ,2
福井県,18,越前市,209,35.87545699,136.158369,1,急ブレーキ,2
福井県,18,越前市,209,35.889234,136.191932,1,急ブレーキ,2
福井県,18,越前市,209,35.882328,136.178638,1,急ブレーキ,3
福井県,18,越前市,209,35.902105,136.195693,1,急ブレーキ,2
福井県,18,越前市,209,35.872372,136.158147,1,急ブレーキ,2
福井県,18,越前市,209,35.889293,136.191861,1,急ブレーキ,2
福井県,18,越前市,209,35.903015,136.22898,1,急ブレーキ,2
福井県,18,越前市,209,35.889049,136.191674,1,急ブレーキ,4
福井県,18,越前市,209,35.864848,136.18332,1,急ブレーキ,2
福井県,18,越前市,209,35.902124,136.195552,1,急ブレーキ,2
福井県,18,越前市,209,35.93535099,136.146543,1,急ブレーキ,2
福井県,18,越前市,209,35.889319,136.191813,1,急ブレーキ,2
福井県,18,越前市,209,35.899198,136.195627,1,急ブレーキ,2
福井県,18,越前市,209,35.8992,136.195592,1,急ブレーキ,2
福井県,18,越前市,209,35.93613,136.300373,1,急ブレーキ,2
福井県,18,越前市,209,35.936146,136.300383,1,急ブレーキ,4
福井県,18,越前市,209,35.933328,136.300461,1,急ブレーキ,3
福井県,18,越前市,209,35.864863,136.183294,1,急ブレーキ,2
福井県,18,越前市,209,35.911794,136.208324,1,急ブレーキ,2
福井県,18,越前市,209,35.907561,136.146738,1,急ブレーキ,2
福井県,18,越前市,209,35.917311,136.191218,16,前方衝突警告,3
福井県,18,越前市,209,35.9074,136.146756,16,前方衝突警告,2
福井県,18,越前市,209,35.91227099,136.191846,16,前方衝突警告,2
福井県,18,越前市,209,35.90171,136.154571,16,前方衝突警告,2
福井県,18,越前市,209,35.921132,136.158102,16,前方衝突警告,2
福井県,18,越前市,209,35.882457,136.17873,16,前方衝突警告,3
福井県,18,越前市,209,35.906365,136.192201,16,前方衝突警告,2
福井県,18,越前市,209,35.884942,136.157858,16,前方衝突警告,2
福井県,18,越前市,209,35.901051,136.154611,16,前方衝突警告,2
福井県,18,越前市,209,35.912137,136.191093,16,前方衝突警告,2
福井県,18,越前市,209,35.911527,136.233017,16,前方衝突警告,2
福井県,18,越前市,209,35.866733,136.151524,16,前方衝突警告,2
福井県,18,越前市,209,35.94189,136.244072,16,前方衝突警告,4
福井県,18,越前市,209,35.918989,136.173781,16,前方衝突警告,2
福井県,18,越前市,209,35.88861399,136.156077,16,前方衝突警告,2
福井県,18,越前市,209,35.92057299,136.158317,16,前方衝突警告,3
福井県,18,越前市,209,35.901966,136.154585,16,前方衝突警告,3
福井県,18,越前市,209,35.906319,136.154231,16,前方衝突警告,2
福井県,18,越前市,209,35.916872,136.245521,16,前方衝突警告,2
福井県,18,越前市,209,35.917597,136.191222,16,前方衝突警告,2
福井県,18,越前市,209,35.906931,136.154252,16,前方衝突警告,2
福井県,18,越前市,209,35.902928,136.176014,16,前方衝突警告,2
福井県,18,越前市,209,35.882432,136.178618,16,前方衝突警告,2
福井県,18,越前市,209,35.852731,136.130352,16,前方衝突警告,3
福井県,18,越前市,209,35.918984,136.173475,16,前方衝突警告,2
福井県,18,越前市,209,35.92692499,136.190218,16,前方衝突警告,2
福井県,18,越前市,209,35.89768,136.192433,16,前方衝突警告,2
福井県,18,越前市,209,35.911319,136.2216,16,前方衝突警告,2
福井県,18,越前市,209,35.918062,136.191196,16,前方衝突警告,2
福井県,18,越前市,209,35.901885,136.15456,16,前方衝突警告,4
福井県,18,越前市,209,35.889528,136.212446,16,前方衝突警告,3
福井県,18,越前市,209,35.889538,136.19273,16,前方衝突警告,6
福井県,18,越前市,209,35.897183,136.155021,16,前方衝突警告,3
福井県,18,越前市,209,35.866603,136.151426,16,前方衝突警告,2
福井県,18,越前市,209,35.872835,136.157231,16,前方衝突警告,2
福井県,18,越前市,209,35.919316,136.165255,16,前方衝突警告,3
福井県,18,越前市,209,35.920857,136.190775,16,前方衝突警告,2
福井県,18,越前市,209,35.910638,136.154689,16,前方衝突警告,2
福井県,18,越前市,209,35.888585,136.156169,16,前方衝突警告,2
福井県,18,越前市,209,35.909552,136.162003,16,前方衝突警告,2
福井県,18,越前市,209,35.916462,136.191224,16,前方衝突警告,2
福井県,18,越前市,209,35.917025,136.190385,16,前方衝突警告,2
福井県,18,越前市,209,35.90204399,136.146873,16,前方衝突警告,2
福井県,18,越前市,209,35.872356,136.15604,16,前方衝突警告,3
福井県,18,越前市,209,35.91609299,136.191262,16,前方衝突警告,2
福井県,18,越前市,209,35.889493,136.212458,16,前方衝突警告,2
福井県,18,越前市,209,35.91969,136.16608,16,前方衝突警告,2
福井県,18,越前市,209,35.88953,136.192575,16,前方衝突警告,3
福井県,18,越前市,209,35.919258,136.165188,16,前方衝突警告,4
福井県,18,越前市,209,35.901167,136.154565,16,前方衝突警告,2
福井県,18,越前市,209,35.918567,136.19112,16,前方衝突警告,2
福井県,18,越前市,209,35.889501,136.192879,16,前方衝突警告,3
福井県,18,越前市,209,35.88952599,136.192901,16,前方衝突警告,2
福井県,18,越前市,209,35.9211,136.190731,16,前方衝突警告,2
福井県,18,越前市,209,35.907459,136.192056,16,前方衝突警告,2
福井県,18,越前市,209,35.91726899,136.188546,16,前方衝突警告,2
福井県,18,越前市,209,35.901577,136.155339,16,前方衝突警告,2
福井県,18,越前市,209,35.926979,136.161159,16,前方衝突警告,2
福井県,18,越前市,209,35.925458,136.160389,16,前方衝突警告,2
福井県,18,越前市,209,35.86457999,136.149573,16,前方衝突警告,2
福井県,18,越前市,209,35.864724,136.149716,16,前方衝突警告,3
福井県,18,越前市,209,35.887095,136.188838,16,前方衝突警告,2
福井県,18,越前市,209,35.917525,136.191197,16,前方衝突警告,2
福井県,18,越前市,209,35.901591,136.192223,16,前方衝突警告,2
福井県,18,越前市,209,35.91893,136.173947,16,前方衝突警告,2
福井県,18,越前市,209,35.918174,136.179899,16,前方衝突警告,2
福井県,18,越前市,209,35.922172,136.19077,16,前方衝突警告,2
福井県,18,越前市,209,35.917023,136.190419,16,前方衝突警告,3
福井県,18,越前市,209,35.917688,136.19122,16,前方衝突警告,2
福井県,18,越前市,209,35.921061,136.190712,16,前方衝突警告,3
福井県,18,越前市,209,35.89701,136.155021,16,前方衝突警告,5
福井県,18,越前市,209,35.916972,136.19048,16,前方衝突警告,3
福井県,18,越前市,209,35.866433,136.151264,16,前方衝突警告,2
福井県,18,越前市,209,35.87224899,136.155981,16,前方衝突警告,2
福井県,18,越前市,209,35.889493,136.192853,16,前方衝突警告,2
福井県,18,越前市,209,35.888481,136.19117,16,前方衝突警告,2
福井県,18,越前市,209,35.918403,136.191196,16,前方衝突警告,2
福井県,18,越前市,209,35.872106,136.155936,16,前方衝突警告,3
福井県,18,越前市,209,35.902804,136.192278,16,前方衝突警告,2
福井県,18,越前市,209,35.889512,136.192683,16,前方衝突警告,2
福井県,18,越前市,209,35.876422,136.158822,16,前方衝突警告,2
福井県,18,越前市,209,35.89671,136.192336,16,前方衝突警告,2
福井県,18,越前市,209,35.902166,136.19836,16,前方衝突警告,2
福井県,18,越前市,209,35.914284,136.162227,16,前方衝突警告,2
福井県,18,越前市,209,35.901229,136.198901,2,急ハンドル,9
福井県,18,越前市,209,35.949318,136.210869,2,急ハンドル,20
福井県,18,越前市,209,35.949291,136.210878,2,急ハンドル,24
福井県,18,越前市,209,35.953263,136.20969,2,急ハンドル,23
福井県,18,越前市,209,35.951833,136.201136,2,急ハンドル,24
福井県,18,越前市,209,35.953272,136.209752,2,急ハンドル,10
福井県,18,越前市,209,35.953301,136.209633,2,急ハンドル,7
福井県,18,越前市,209,35.952221,136.209735,2,急ハンドル,11
福井県,18,越前市,209,35.926471,136.190155,2,急ハンドル,11
福井県,18,越前市,209,35.934497,136.268082,2,急ハンドル,9
福井県,18,越前市,209,35.934823,136.266947,2,急ハンドル,18
福井県,18,越前市,209,35.930907,136.2525,2,急ハンドル,35
福井県,18,越前市,209,35.970035,136.21054,2,急ハンドル,10
福井県,18,越前市,209,35.890938,136.20619,2,急ハンドル,15
福井県,18,越前市,209,35.872947,136.156765,2,急ハンドル,28
福井県,18,越前市,209,35.872782,136.156606,2,急ハンドル,14
福井県,18,越前市,209,35.872732,136.156487,2,急ハンドル,50
福井県,18,越前市,209,35.950906,136.202487,2,急ハンドル,9
福井県,18,越前市,209,35.889538,136.192057,2,急ハンドル,13
福井県,18,越前市,209,35.872781,136.156555,2,急ハンドル,8
福井県,18,越前市,209,35.853045,136.131394,2,急ハンドル,27
福井県,18,越前市,209,35.872869,136.156537,2,急ハンドル,27
福井県,18,越前市,209,35.89725399,136.211574,2,急ハンドル,8
福井県,18,越前市,209,35.900691,136.171153,2,急ハンドル,22
福井県,18,越前市,209,35.852958,136.131122,2,急ハンドル,14
福井県,18,越前市,209,35.95091699,136.202522,2,急ハンドル,7
福井県,18,越前市,209,35.950255,136.202543,2,急ハンドル,7
福井県,18,越前市,209,35.909538,136.168943,2,急ハンドル,12
福井県,18,越前市,209,35.885733,136.16232,2,急ハンドル,9
福井県,18,越前市,209,35.901338,136.170924,2,急ハンドル,70
福井県,18,越前市,209,35.88599399,136.16489,2,急ハンドル,34
福井県,18,越前市,209,35.90770599,136.170671,2,急ハンドル,12
福井県,18,越前市,209,35.885685,136.162201,2,急ハンドル,26
福井県,18,越前市,209,35.885926,136.164938,2,急ハンドル,8
福井県,18,越前市,209,35.871636,136.167728,2,急ハンドル,40
福井県,18,越前市,209,35.907789,136.171527,2,急ハンドル,14
福井県,18,越前市,209,35.900548,136.170755,2,急ハンドル,8
福井県,18,越前市,209,35.873346,136.161679,2,急ハンドル,9
福井県,18,越前市,209,35.902081,136.192332,2,急ハンドル,9
福井県,18,越前市,209,35.886073,136.164842,2,急ハンドル,17
福井県,18,越前市,209,35.90773699,136.170707,2,急ハンドル,10
福井県,18,越前市,209,35.917057,136.189054,2,急ハンドル,30
福井県,18,越前市,209,35.919843,136.16494,2,急ハンドル,7
福井県,18,越前市,209,35.908012,136.171247,2,急ハンドル,35
福井県,18,越前市,209,35.886155,136.163925,2,急ハンドル,9
福井県,18,越前市,209,35.884124,136.167221,2,急ハンドル,14
福井県,18,越前市,209,35.886089,136.164703,2,急ハンドル,7
福井県,18,越前市,209,35.899822,136.203275,2,急ハンドル,19
福井県,18,越前市,209,35.907961,136.146787,2,急ハンドル,12
福井県,18,越前市,209,35.900761,136.170661,2,急ハンドル,70
福井県,18,越前市,209,35.871733,136.167688,2,急ハンドル,8
福井県,18,越前市,209,35.88570399,136.162293,2,急ハンドル,14
福井県,18,越前市,209,35.91712299,136.188983,2,急ハンドル,9
福井県,18,越前市,209,35.885077,136.166972,2,急ハンドル,17
福井県,18,越前市,209,35.91663299,136.189018,2,急ハンドル,13
福井県,18,越前市,209,35.916772,136.191162,2,急ハンドル,54
福井県,18,越前市,209,35.907831,136.171517,2,急ハンドル,51
福井県,18,越前市,209,35.885618,136.162065,2,急ハンドル,12
福井県,18,越前市,209,35.902287,136.198695,2,急ハンドル,9
福井県,18,越前市,209,35.885665,136.162158,2,急ハンドル,66
福井県,18,越前市,209,35.871701,136.167713,2,急ハンドル,9
福井県,18,越前市,209,35.898144,136.17532,2,急ハンドル,7
福井県,18,越前市,209,35.886102,136.164758,2,急ハンドル,7
福井県,18,越前市,209,35.900577,136.170654,2,急ハンドル,10
福井県,18,越前市,209,35.92057299,136.157886,2,急ハンドル,10
福井県,18,越前市,209,35.926566,136.187531,2,急ハンドル,7
福井県,18,越前市,209,35.919952,136.163616,2,急ハンドル,7
福井県,18,越前市,209,35.876871,136.165882,2,急ハンドル,8
福井県,18,越前市,209,35.908157,136.171213,2,急ハンドル,14
福井県,18,越前市,209,35.951226,136.200874,2,急ハンドル,7
福井県,18,越前市,209,35.871699,136.167662,2,急ハンドル,7
福井県,18,越前市,209,35.90788,136.171441,2,急ハンドル,26
福井県,18,越前市,209,35.901375,136.170786,2,急ハンドル,10
福井県,18,越前市,209,35.901451,136.170816,2,急ハンドル,17
福井県,18,越前市,209,35.876537,136.165871,2,急ハンドル,16
福井県,18,越前市,209,35.907944,136.191953,2,急ハンドル,10
福井県,18,越前市,209,35.902032,136.19228,2,急ハンドル,12
福井県,18,越前市,209,35.876539,136.165908,2,急ハンドル,7
福井県,18,越前市,209,35.901922,136.192271,2,急ハンドル,9
福井県,18,越前市,209,35.88408299,136.167307,2,急ハンドル,15
福井県,18,越前市,209,35.900466,136.170955,2,急ハンドル,15
福井県,18,越前市,209,35.884046,136.167282,2,急ハンドル,11
福井県,18,越前市,209,35.852987,136.131089,2,急ハンドル,9
福井県,18,越前市,209,35.88237199,136.178119,2,急ハンドル,11
福井県,18,越前市,209,35.872836,136.156491,2,急ハンドル,12
福井県,18,越前市,209,35.902234,136.19236,2,急ハンドル,29
福井県,18,越前市,209,35.872909,136.15659,2,急ハンドル,11
福井県,18,越前市,209,35.900556,136.171104,2,急ハンドル,58
福井県,18,越前市,209,35.900698,136.203917,2,急ハンドル,10
福井県,18,越前市,209,35.917789,136.247962,2,急ハンドル,13
福井県,18,越前市,209,35.90063099,136.170628,2,急ハンドル,25
福井県,18,越前市,209,35.85299899,136.131213,2,急ハンドル,8
福井県,18,越前市,209,35.95032,136.201667,2,急ハンドル,8
福井県,18,越前市,209,35.912163,136.245746,2,急ハンドル,21
福井県,18,越前市,209,35.948697,136.249672,2,急ハンドル,9
福井県,18,越前市,209,35.919813,136.25142,2,急ハンドル,27
福井県,18,越前市,209,35.90119399,136.198911,2,急ハンドル,28
福井県,18,越前市,209,35.919386,136.189056,2,急ハンドル,9
福井県,18,越前市,209,35.90055199,136.171089,2,急ハンドル,14
福井県,18,越前市,209,35.917735,136.239958,2,急ハンドル,8
福井県,18,越前市,209,35.950271,136.201732,2,急ハンドル,9
福井県,18,越前市,209,35.902133,136.192269,2,急ハンドル,7
福井県,18,越前市,209,35.921964,136.245609,2,急ハンドル,46
福井県,18,越前市,209,35.92207299,136.245695,2,急ハンドル,16
福井県,18,越前市,209,35.91507699,136.235223,2,急ハンドル,11
福井県,18,越前市,209,35.93627999,136.263369,2,急ハンドル,7
福井県,18,越前市,209,35.917726,136.247758,2,急ハンドル,19
福井県,18,越前市,209,35.916694,136.159445,2,急ハンドル,9
福井県,18,越前市,209,35.894909,136.178367,2,急ハンドル,11
福井県,18,越前市,209,35.951768,136.201038,2,急ハンドル,21
福井県,18,越前市,209,35.902903,136.236723,2,急ハンドル,10
福井県,18,越前市,209,35.88195799,136.049679,2,急ハンドル,7
福井県,18,越前市,209,35.93876499,136.147897,2,急ハンドル,14
福井県,18,越前市,209,35.87976299,136.172969,2,急ハンドル,42
福井県,18,越前市,209,35.900447,136.204058,2,急ハンドル,9
福井県,18,越前市,209,35.900472,136.128182,2,急ハンドル,22
福井県,18,越前市,209,35.90067899,136.170703,2,急ハンドル,9
福井県,18,越前市,209,35.9166,136.159377,2,急ハンドル,9
福井県,18,越前市,209,35.853067,136.131181,2,急ハンドル,9
福井県,18,越前市,209,35.924304,136.246157,2,急ハンドル,9
福井県,18,越前市,209,35.950722,136.202616,2,急ハンドル,10
福井県,18,越前市,209,35.875006,136.172075,2,急ハンドル,9
福井県,18,越前市,209,35.875348,136.288476,2,急ハンドル,8
福井県,18,越前市,209,35.91969499,136.165595,2,急ハンドル,9
福井県,18,越前市,209,35.88844499,136.156742,2,急ハンドル,7
福井県,18,越前市,209,35.888491,136.156652,2,急ハンドル,10
福井県,18,越前市,209,35.89669399,136.138133,2,急ハンドル,88
福井県,18,越前市,209,35.896124,136.144926,2,急ハンドル,51
福井県,18,越前市,209,35.889788,136.150903,2,急ハンドル,21
福井県,18,越前市,209,35.906373,136.148838,2,急ハンドル,13
福井県,18,越前市,209,35.890413,136.148682,2,急ハンドル,7
福井県,18,越前市,209,35.890367,136.148822,2,急ハンドル,18
福井県,18,越前市,209,35.896599,136.138131,2,急ハンドル,14
福井県,18,越前市,209,35.896081,136.144958,2,急ハンドル,15
福井県,18,越前市,209,35.896271,136.144911,2,急ハンドル,12
福井県,18,越前市,209,35.896726,136.13812,2,急ハンドル,26
福井県,18,越前市,209,35.901345,136.170876,2,急ハンドル,39
福井県,18,越前市,209,35.896628,136.138098,2,急ハンドル,13
福井県,18,越前市,209,35.890513,136.144086,2,急ハンドル,7
福井県,18,越前市,209,35.894976,136.178402,2,急ハンドル,15
福井県,18,越前市,209,35.868955,136.151222,2,急ハンドル,10
福井県,18,越前市,209,35.898627,136.139228,2,急ハンドル,16
福井県,18,越前市,209,35.896593,136.138096,2,急ハンドル,7
福井県,18,越前市,209,35.885675,136.162214,2,急ハンドル,49
福井県,18,越前市,209,35.876882,136.165955,2,急ハンドル,15
福井県,18,越前市,209,35.886103,136.163965,2,急ハンドル,7
福井県,18,越前市,209,35.951336,136.200181,2,急ハンドル,12
福井県,18,越前市,209,35.950862,136.20253,2,急ハンドル,33
福井県,18,越前市,209,35.897167,136.211694,2,急ハンドル,9
福井県,18,越前市,209,35.908184,136.171175,2,急ハンドル,8
福井県,18,越前市,209,35.919828,136.164987,2,急ハンドル,41
福井県,18,越前市,209,35.879813,136.173033,2,急ハンドル,12
福井県,18,越前市,209,35.879952,136.173002,2,急ハンドル,13
福井県,18,越前市,209,35.901884,136.198574,2,急ハンドル,12
福井県,18,越前市,209,35.899765,136.203401,2,急ハンドル,15
福井県,18,越前市,209,35.882269,136.178242,2,急ハンドル,8
福井県,18,越前市,209,35.91682,136.191063,2,急ハンドル,7
福井県,18,越前市,209,35.90202399,136.192479,2,急ハンドル,32
福井県,18,越前市,209,35.918314,136.179283,2,急ハンドル,7
福井県,18,越前市,209,35.938612,136.147837,2,急ハンドル,20
福井県,18,越前市,209,35.907901,136.146802,2,急ハンドル,16
福井県,18,越前市,209,35.915306,136.136703,2,急ハンドル,19
福井県,18,越前市,209,35.920099,136.146638,2,急ハンドル,10
福井県,18,越前市,209,35.916934,136.19256,2,急ハンドル,7
福井県,18,越前市,209,35.91536,136.136676,2,急ハンドル,21
福井県,18,越前市,209,35.91625,136.136972,2,急ハンドル,18
福井県,18,越前市,209,35.91690599,136.192498,2,急ハンドル,8
福井県,18,越前市,209,35.914242,136.138367,2,急ハンドル,9
福井県,18,越前市,209,35.85309199,136.131441,2,急ハンドル,35
福井県,18,越前市,209,35.87292,136.15667,2,急ハンドル,26
福井県,18,越前市,209,35.853029,136.131297,2,急ハンドル,12
福井県,18,越前市,209,35.91707,136.192614,2,急ハンドル,12
福井県,18,越前市,209,35.91180399,136.208462,2,急ハンドル,12
福井県,18,越前市,209,35.90116299,136.199028,2,急ハンドル,7
福井県,18,越前市,209,35.93450399,136.267801,2,急ハンドル,8
福井県,18,越前市,209,35.93636699,136.263211,2,急ハンドル,7
福井県,18,越前市,209,35.90592,136.192117,2,急ハンドル,7
福井県,18,越前市,209,35.938871,136.147959,2,急ハンドル,46
福井県,18,越前市,209,35.898597,136.13924,2,急ハンドル,8
福井県,18,越前市,209,35.900302,136.128045,2,急ハンドル,33
福井県,18,越前市,209,35.890669,136.144063,2,急ハンドル,19
福井県,18,越前市,209,35.872776,136.156543,2,急ハンドル,57
福井県,18,越前市,209,35.872844,136.158135,2,急ハンドル,11
福井県,18,越前市,209,35.900641,136.142771,2,急ハンドル,7
福井県,18,越前市,209,35.907883,136.146834,2,急ハンドル,14
福井県,18,越前市,209,35.938788,136.147929,2,急ハンドル,47
福井県,18,越前市,209,35.93451499,136.267785,2,急ハンドル,10
福井県,18,越前市,209,35.931998,136.260188,2,急ハンドル,24
福井県,18,越前市,209,35.917699,136.247703,2,急ハンドル,11
福井県,18,越前市,209,35.912276,136.245873,2,急ハンドル,46
福井県,18,越前市,209,35.934499,136.267829,2,急ハンドル,8
福井県,18,越前市,209,35.93477699,136.267121,2,急ハンドル,35
福井県,18,越前市,209,35.91769,136.247673,2,急ハンドル,24
福井県,18,越前市,209,35.916581,136.24705,2,急ハンドル,13
福井県,18,越前市,209,35.9118,136.208523,2,急ハンドル,22
福井県,18,越前市,209,35.90147799,136.167319,2,急ハンドル,7
福井県,18,越前市,209,35.948513,136.245281,2,急ハンドル,9
福井県,18,越前市,209,35.901323,136.146708,2,急ハンドル,7
福井県,18,越前市,209,35.930956,136.252479,2,急ハンドル,10
福井県,18,越前市,209,35.935885,136.284271,2,急ハンドル,8
福井県,18,越前市,209,35.93089599,136.252467,2,急ハンドル,46
福井県,18,越前市,209,35.932025,136.260143,2,急ハンドル,58
福井県,18,越前市,209,35.93445599,136.264447,2,急ハンドル,10
福井県,18,越前市,209,35.9022,136.19405,2,急ハンドル,11
福井県,18,越前市,209,35.948316,136.225814,2,急ハンドル,7
福井県,18,越前市,209,35.935327,136.273141,2,急ハンドル,8
福井県,18,越前市,209,35.931978,136.260232,2,急ハンドル,12
福井県,18,越前市,209,35.91783199,136.248018,2,急ハンドル,11
福井県,18,越前市,209,35.934796,136.267066,2,急ハンドル,13
福井県,18,越前市,209,35.91660799,136.239046,2,急ハンドル,23
福井県,18,越前市,209,35.913733,136.237862,2,急ハンドル,9
福井県,18,越前市,209,35.889622,136.192088,2,急ハンドル,8
福井県,18,越前市,209,35.922084,136.245742,2,急ハンドル,60
福井県,18,越前市,209,35.918811,136.241155,2,急ハンドル,28
福井県,18,越前市,209,35.921868,136.245484,2,急ハンドル,9
福井県,18,越前市,209,35.92803099,136.243468,2,急ハンドル,40
福井県,18,越前市,209,35.94413,136.235116,2,急ハンドル,19
福井県,18,越前市,209,35.918779,136.241122,2,急ハンドル,21
福井県,18,越前市,209,35.92189599,136.245552,2,急ハンドル,16
福井県,18,越前市,209,35.90284,136.236744,2,急ハンドル,17
福井県,18,越前市,209,35.944099,136.235158,2,急ハンドル,9
福井県,18,越前市,209,35.936123,136.245889,2,急ハンドル,10
福井県,18,越前市,209,35.912168,136.245897,2,急ハンドル,18
福井県,18,越前市,209,35.901445,136.211236,2,急ハンドル,24
福井県,18,越前市,209,35.931937,136.260044,2,急ハンドル,28
福井県,18,越前市,209,35.926992,136.252127,2,急ハンドル,17
福井県,18,越前市,209,35.930895,136.252505,2,急ハンドル,21
福井県,18,越前市,209,35.934817,136.267113,2,急ハンドル,7
福井県,18,越前市,209,35.936003,136.298793,2,急ハンドル,28
福井県,18,越前市,209,35.936143,136.24768,2,急ハンドル,16
福井県,18,越前市,209,35.936599,136.250011,2,急ハンドル,8
福井県,18,越前市,209,35.93471,136.267271,2,急ハンドル,25
福井県,18,越前市,209,35.93583,136.284461,2,急ハンドル,16
福井県,18,越前市,209,35.902792,136.228839,2,急ハンドル,14
福井県,18,越前市,209,35.932004,136.260057,2,急ハンドル,17
福井県,18,越前市,209,35.927011,136.252139,2,急ハンドル,9
福井県,18,越前市,209,35.91666399,136.191363,2,急ハンドル,21
福井県,18,越前市,209,35.883758,136.227916,2,急ハンドル,21
福井県,18,越前市,209,35.935998,136.298712,2,急ハンドル,36
福井県,18,越前市,209,35.936191,136.300364,2,急ハンドル,7
福井県,18,越前市,209,35.935895,136.284348,2,急ハンドル,19
福井県,18,越前市,209,35.93624,136.244617,2,急ハンドル,11
福井県,18,越前市,209,35.925874,136.250827,2,急ハンドル,17
福井県,18,越前市,209,35.93569999,136.298967,2,急ハンドル,15
福井県,18,越前市,209,35.93620099,136.300385,2,急ハンドル,20
福井県,18,越前市,209,35.919657,136.165422,2,急ハンドル,7
福井県,18,越前市,209,35.921902,136.245545,2,急ハンドル,18
福井県,18,越前市,209,35.935414,136.287767,2,急ハンドル,15
福井県,18,越前市,209,35.911456,136.232231,2,急ハンドル,24
福井県,18,越前市,209,35.935401,136.287621,2,急ハンドル,8
福井県,18,越前市,209,35.918859,136.241225,2,急ハンドル,16
福井県,18,越前市,209,35.908114,136.192202,2,急ハンドル,16
福井県,18,越前市,209,35.883651,136.227989,2,急ハンドル,22
福井県,18,越前市,209,35.926957,136.25208,2,急ハンドル,25
福井県,18,越前市,209,35.915114,136.235274,2,急ハンドル,11
福井県,18,越前市,209,35.934827,136.266878,2,急ハンドル,10
福井県,18,越前市,209,35.89282699,136.298665,2,急ハンドル,10
福井県,18,越前市,209,35.89208,136.297035,2,急ハンドル,7
福井県,18,越前市,209,35.924703,136.190564,2,急ハンドル,49
福井県,18,越前市,209,35.886375,136.297802,2,急ハンドル,15
福井県,18,越前市,209,35.901428,136.201671,2,急ハンドル,9
福井県,18,越前市,209,35.901565,136.201829,2,急ハンドル,10
福井県,18,越前市,209,35.89976699,136.203384,2,急ハンドル,14
福井県,18,越前市,209,35.89996699,136.203079,2,急ハンドル,10
福井県,18,越前市,209,35.90193699,136.198563,2,急ハンドル,20
福井県,18,越前市,209,35.89985699,136.203198,2,急ハンドル,7
福井県,18,越前市,209,35.88000799,136.173162,2,急ハンドル,9
福井県,18,越前市,209,35.9164,136.150989,2,急ハンドル,7
福井県,18,越前市,209,35.89782,136.145782,2,急ハンドル,7
福井県,18,越前市,209,35.938529,136.147826,2,急ハンドル,14
福井県,18,越前市,209,35.920659,136.157742,2,急ハンドル,11
福井県,18,越前市,209,35.920181,136.146698,2,急ハンドル,8
福井県,18,越前市,209,35.90037499,136.128157,2,急ハンドル,7
福井県,18,越前市,209,35.889806,136.150958,2,急ハンドル,9
福井県,18,越前市,209,35.900587,136.171208,2,急ハンドル,7
福井県,18,越前市,209,35.917636,136.245448,2,急ハンドル,16
福井県,18,越前市,209,35.951891,136.201201,2,急ハンドル,8
福井県,18,越前市,209,35.92991,136.156481,2,急ハンドル,9
福井県,18,越前市,209,35.948706,136.24955,2,急ハンドル,8
福井県,18,越前市,209,35.948466,136.245343,2,急ハンドル,8
福井県,18,越前市,209,35.935241,136.273189,2,急ハンドル,20
福井県,18,越前市,209,35.94873599,136.249684,2,急ハンドル,9
福井県,18,越前市,209,35.934426,136.267985,2,急ハンドル,9
福井県,18,越前市,209,35.901243,136.198874,2,急ハンドル,11
福井県,18,越前市,209,35.901401,136.17096,2,急ハンドル,14
福井県,18,越前市,209,35.90135999,136.171029,2,急ハンドル,15
福井県,18,越前市,209,35.902085,136.195446,2,急ハンドル,7
福井県,18,越前市,209,35.901776,136.198623,2,急ハンドル,8
福井県,18,越前市,209,35.934435,136.300464,2,急ハンドル,8
福井県,18,越前市,209,35.936252,136.245702,2,急ハンドル,9
福井県,18,越前市,209,35.93662,136.250099,2,急ハンドル,14
福井県,18,越前市,209,35.916758,136.19131,2,急ハンドル,7
福井県,18,越前市,209,35.93204,136.260228,2,急ハンドル,35
福井県,18,越前市,209,35.916677,136.239101,2,急ハンドル,14
福井県,18,越前市,209,35.889331,136.192034,2,急ハンドル,7
福井県,18,越前市,209,35.900683,136.170678,2,急ハンドル,74
福井県,18,越前市,209,35.912276,136.245918,2,急ハンドル,11
福井県,18,越前市,209,35.919749,136.251395,2,急ハンドル,25
福井県,18,越前市,209,35.902786,136.228799,2,急ハンドル,8
福井県,18,越前市,209,35.93418599,136.300558,2,急ハンドル,7
福井県,18,越前市,209,35.936193,136.300405,2,急ハンドル,7
福井県,18,越前市,209,35.900475,136.171062,2,急ハンドル,13
福井県,18,越前市,209,35.919753,136.251406,2,急ハンドル,28
福井県,18,越前市,209,35.889758,136.19228,2,急ハンドル,27
福井県,18,越前市,209,35.93616699,136.298194,2,急ハンドル,10
福井県,18,越前市,209,35.883678,136.228032,2,急ハンドル,12
福井県,18,越前市,209,35.853025,136.131635,2,急ハンドル,12
福井県,18,越前市,209,35.934223,136.300585,2,急ハンドル,9
福井県,18,越前市,209,35.919647,136.251327,2,急ハンドル,11
福井県,18,越前市,209,35.924678,136.190563,2,急ハンドル,16
福井県,18,越前市,209,35.899939,136.203121,2,急ハンドル,10
福井県,18,越前市,209,35.91869899,136.176604,2,急ハンドル,7
福井県,18,越前市,209,35.887559,136.293406,2,急ハンドル,11
福井県,18,越前市,209,35.890984,136.294076,2,急ハンドル,11
福井県,18,越前市,209,35.917761,136.247678,2,急ハンドル,13
福井県,18,越前市,209,35.902445,136.278118,2,急ハンドル,10
福井県,18,越前市,209,35.893115,136.299003,2,急ハンドル,9
福井県,18,越前市,209,35.89261299,136.295642,2,急ハンドル,10
福井県,18,越前市,209,35.88997,136.293998,2,急ハンドル,10
福井県,18,越前市,209,35.917811,136.247945,2,急ハンドル,11
福井県,18,越前市,209,35.892621,136.295781,2,急ハンドル,7
福井県,18,越前市,209,35.891019,136.294095,2,急ハンドル,8
福井県,18,越前市,209,35.892071,136.294864,2,急ハンドル,13
福井県,18,越前市,209,35.892912,136.298636,2,急ハンドル,7
福井県,18,越前市,209,35.944132,136.235055,2,急ハンドル,8
福井県,18,越前市,209,35.922112,136.245754,2,急ハンドル,24
福井県,18,越前市,209,35.918722,136.241089,2,急ハンドル,21
福井県,18,越前市,209,35.916803,136.191111,2,急ハンドル,15
福井県,18,越前市,209,35.934174,136.300603,2,急ハンドル,9
福井県,18,越前市,209,35.935256,136.273253,2,急ハンドル,7
福井県,18,越前市,209,35.901925,136.192252,2,急ハンドル,7
福井県,18,越前市,209,35.91656299,136.159409,2,急ハンドル,11
福井県,18,越前市,209,35.889758,136.151041,2,急ハンドル,7
福井県,18,越前市,209,35.900293,136.128057,2,急ハンドル,7
福井県,18,越前市,209,35.935625,136.299039,2,急ハンドル,18
福井県,18,越前市,209,35.92199699,136.24571,2,急ハンドル,8
福井県,18,越前市,209,35.928092,136.243358,2,急ハンドル,7
福井県,18,越前市,209,35.91866799,136.240984,2,急ハンドル,7
福井県,18,越前市,209,35.908432,136.202495,2,急ハンドル,7
福井県,18,越前市,209,35.934057,136.300667,2,急ハンドル,11
福井県,18,越前市,209,35.934582,136.267628,2,急ハンドル,8
福井県,18,越前市,209,35.902135,136.192323,2,急ハンドル,9
福井県,18,越前市,209,35.889767,136.150982,2,急ハンドル,12
福井県,18,越前市,209,35.916668,136.159422,2,急ハンドル,21
福井県,18,越前市,209,35.920336,136.146679,2,急ハンドル,24
福井県,18,越前市,209,35.920405,136.156448,2,急ハンドル,15
福井県,18,越前市,209,35.853014,136.131569,2,急ハンドル,11
福井県,18,越前市,209,35.872827,136.156436,2,急ハンドル,9
福井県,18,越前市,209,35.90775699,136.171545,2,急ハンドル,7
福井県,18,越前市,209,35.92155799,136.244373,2,急ハンドル,12
福井県,18,越前市,209,35.908125,136.17118,2,急ハンドル,10
福井県,18,越前市,209,35.916862,136.191221,2,急ハンドル,7
福井県,18,越前市,209,35.918283,136.164735,2,急ハンドル,10
福井県,18,越前市,209,35.88968599,136.192271,2,急ハンドル,9
福井県,18,越前市,209,35.872897,136.156548,2,急ハンドル,8
福井県,18,越前市,209,35.938595,136.147757,2,急ハンドル,8
福井県,18,越前市,209,35.872844,136.15814,2,急ハンドル,9
福井県,18,越前市,209,35.918303,136.164699,2,急ハンドル,7
福井県,18,越前市,209,35.934309,136.237723,2,急ハンドル,10
福井県,18,越前市,209,35.91716799,136.188939,2,急ハンドル,7
福井県,18,越前市,209,35.900419,136.128113,2,急ハンドル,29
福井県,18,越前市,209,35.872928,136.156753,2,急ハンドル,12
福井県,18,越前市,209,35.932022,136.260305,2,急ハンドル,14
福井県,18,越前市,209,35.935459,136.287811,2,急ハンドル,8
福井県,18,越前市,209,35.93092,136.25249,2,急ハンドル,11
福井県,18,越前市,209,35.934526,136.267732,2,急ハンドル,12
福井県,18,越前市,209,35.90119099,136.198925,2,急ハンドル,13
福井県,18,越前市,209,35.89976,136.20335,2,急ハンドル,13
福井県,18,越前市,209,35.919648,136.251359,2,急ハンドル,8
福井県,18,越前市,209,35.934167,136.300602,2,急ハンドル,10
福井県,18,越前市,209,35.952996,136.202231,17,ふらつき,5
福井県,18,越前市,209,35.913865,136.233338,17,ふらつき,5
福井県,18,越前市,209,35.889556,136.209715,17,ふらつき,16
福井県,18,越前市,209,35.923969,136.167127,17,ふらつき,9
福井県,18,越前市,209,35.92268399,136.165462,17,ふらつき,7
福井県,18,越前市,209,35.92195799,136.16521,17,ふらつき,7
福井県,18,越前市,209,35.92151,136.165088,17,ふらつき,6
福井県,18,越前市,209,35.927814,136.166099,17,ふらつき,9
福井県,18,越前市,209,35.922029,136.16522,17,ふらつき,5
福井県,18,越前市,209,35.870856,136.167542,17,ふらつき,12
福井県,18,越前市,209,35.868145,136.167715,17,ふらつき,15
福井県,18,越前市,209,35.868252,136.167655,17,ふらつき,72
福井県,18,越前市,209,35.868305,136.167637,17,ふらつき,18
福井県,18,越前市,209,35.901581,136.173033,17,ふらつき,11
福井県,18,越前市,209,35.879405,136.166113,17,ふらつき,7
福井県,18,越前市,209,35.879657,136.16624,17,ふらつき,5
福井県,18,越前市,209,35.874464,136.166591,17,ふらつき,10
福井県,18,越前市,209,35.870523,136.167563,17,ふらつき,6
福井県,18,越前市,209,35.901333,136.173062,17,ふらつき,8
福井県,18,越前市,209,35.87427,136.166602,17,ふらつき,12
福井県,18,越前市,209,35.899044,136.173037,17,ふらつき,7
福井県,18,越前市,209,35.90128399,136.173036,17,ふらつき,7
福井県,18,越前市,209,35.90419,136.172648,17,ふらつき,6
福井県,18,越前市,209,35.900732,136.173024,17,ふらつき,20
福井県,18,越前市,209,35.913797,136.189008,17,ふらつき,10
福井県,18,越前市,209,35.904292,136.172643,17,ふらつき,6
福井県,18,越前市,209,35.903447,136.172891,17,ふらつき,5
福井県,18,越前市,209,35.868564,136.167579,17,ふらつき,7
福井県,18,越前市,209,35.910114,136.189349,17,ふらつき,9
福井県,18,越前市,209,35.900163,136.173095,17,ふらつき,22
福井県,18,越前市,209,35.90444,136.172596,17,ふらつき,7
福井県,18,越前市,209,35.909856,136.189461,17,ふらつき,6
福井県,18,越前市,209,35.891553,136.170256,17,ふらつき,6
福井県,18,越前市,209,35.909354,136.189559,17,ふらつき,6
福井県,18,越前市,209,35.875247,136.166247,17,ふらつき,8
福井県,18,越前市,209,35.869681,136.167522,17,ふらつき,8
福井県,18,越前市,209,35.899748,136.173023,17,ふらつき,8
福井県,18,越前市,209,35.879832,136.166254,17,ふらつき,7
福井県,18,越前市,209,35.870004,136.167547,17,ふらつき,9
福井県,18,越前市,209,35.875086,136.166267,17,ふらつき,5
福井県,18,越前市,209,35.90114,136.173052,17,ふらつき,9
福井県,18,越前市,209,35.875797,136.165931,17,ふらつき,5
福井県,18,越前市,209,35.91336299,136.189032,17,ふらつき,6
福井県,18,越前市,209,35.915533,136.189014,17,ふらつき,6
福井県,18,越前市,209,35.900039,136.173088,17,ふらつき,16
福井県,18,越前市,209,35.91446599,136.188993,17,ふらつき,7
福井県,18,越前市,209,35.915985,136.189046,17,ふらつき,5
福井県,18,越前市,209,35.891165,136.170045,17,ふらつき,6
福井県,18,越前市,209,35.900646,136.173036,17,ふらつき,13
福井県,18,越前市,209,35.909959,136.189392,17,ふらつき,6
福井県,18,越前市,209,35.910957,136.189168,17,ふらつき,8
福井県,18,越前市,209,35.911233,136.189107,17,ふらつき,7
福井県,18,越前市,209,35.915351,136.188994,17,ふらつき,7
福井県,18,越前市,209,35.86784,136.168173,17,ふらつき,6
福井県,18,越前市,209,35.868819,136.167654,17,ふらつき,17
福井県,18,越前市,209,35.880057,136.166353,17,ふらつき,6
福井県,18,越前市,209,35.874958,136.166374,17,ふらつき,8
福井県,18,越前市,209,35.910851,136.189195,17,ふらつき,7
福井県,18,越前市,209,35.915279,136.188981,17,ふらつき,11
福井県,18,越前市,209,35.922319,136.165675,17,ふらつき,6
福井県,18,越前市,209,35.899318,136.173052,17,ふらつき,18
福井県,18,越前市,209,35.92130199,136.165049,17,ふらつき,9
福井県,18,越前市,209,35.875503,136.166128,17,ふらつき,5
福井県,18,越前市,209,35.868146,136.167682,17,ふらつき,13
福井県,18,越前市,209,35.899152,136.173047,17,ふらつき,8
福井県,18,越前市,209,35.90029899,136.173051,17,ふらつき,25
福井県,18,越前市,209,35.905744,136.17207,17,ふらつき,6
福井県,18,越前市,209,35.870429,136.167579,17,ふらつき,7
福井県,18,越前市,209,35.901048,136.173061,17,ふらつき,6
福井県,18,越前市,209,35.876076,136.165907,17,ふらつき,8
福井県,18,越前市,209,35.868118,136.168099,17,ふらつき,14
福井県,18,越前市,209,35.86818199,136.167877,17,ふらつき,9
福井県,18,越前市,209,35.899925,136.173075,17,ふらつき,10
福井県,18,越前市,209,35.90092099,136.17305,17,ふらつき,8
福井県,18,越前市,209,35.921667,136.165156,17,ふらつき,10
福井県,18,越前市,209,35.868225,136.167586,17,ふらつき,30
福井県,18,越前市,209,35.87629299,136.165823,17,ふらつき,6
福井県,18,越前市,209,35.898606,136.173069,17,ふらつき,5
福井県,18,越前市,209,35.871086,136.167588,17,ふらつき,7
福井県,18,越前市,209,35.914646,136.188979,17,ふらつき,6
福井県,18,越前市,209,35.870948,136.167551,17,ふらつき,12
福井県,18,越前市,209,35.900349,136.173045,17,ふらつき,12
福井県,18,越前市,209,35.875754,136.166058,17,ふらつき,10
福井県,18,越前市,209,35.921204,136.165001,17,ふらつき,6
福井県,18,越前市,209,35.885209,136.167579,17,ふらつき,6
福井県,18,越前市,209,35.874139,136.166714,17,ふらつき,5
福井県,18,越前市,209,35.868792,136.167704,17,ふらつき,10
福井県,18,越前市,209,35.86903,136.167548,17,ふらつき,8
福井県,18,越前市,209,35.911078,136.189148,17,ふらつき,8
福井県,18,越前市,209,35.91513599,136.188992,17,ふらつき,11
福井県,18,越前市,209,35.90047599,136.173024,17,ふらつき,17
福井県,18,越前市,209,35.870691,136.167552,17,ふらつき,10
福井県,18,越前市,209,35.92172,136.165172,17,ふらつき,5
福井県,18,越前市,209,35.870796,136.167528,17,ふらつき,5
福井県,18,越前市,209,35.914504,136.188986,17,ふらつき,10
福井県,18,越前市,209,35.886015,136.167871,17,ふらつき,5
福井県,18,越前市,209,35.87997699,136.166308,17,ふらつき,7
福井県,18,越前市,209,35.870171,136.167584,17,ふらつき,10
福井県,18,越前市,209,35.869244,136.167543,17,ふらつき,7
福井県,18,越前市,209,35.92264,136.16604,17,ふらつき,6
福井県,18,越前市,209,35.870246,136.167577,17,ふらつき,8
福井県,18,越前市,209,35.901462,136.173094,17,ふらつき,5
福井県,18,越前市,209,35.915017,136.188958,17,ふらつき,7
福井県,18,越前市,209,35.88519,136.167587,17,ふらつき,7
福井県,18,越前市,209,35.914078,136.188997,17,ふらつき,7
福井県,18,越前市,209,35.87126,136.167594,17,ふらつき,7
福井県,18,越前市,209,35.900596,136.173038,17,ふらつき,15
福井県,18,越前市,209,35.875054,136.166319,17,ふらつき,6
福井県,18,越前市,209,35.869377,136.167505,17,ふらつき,9
福井県,18,越前市,209,35.920537,136.165049,17,ふらつき,7
福井県,18,越前市,209,35.913852,136.189011,17,ふらつき,9
福井県,18,越前市,209,35.87549099,136.166135,17,ふらつき,10
福井県,18,越前市,209,35.869974,136.167542,17,ふらつき,8
福井県,18,越前市,209,35.92142299,136.16506,17,ふらつき,9
福井県,18,越前市,209,35.899282,136.173073,17,ふらつき,9
福井県,18,越前市,209,35.89955,136.173069,17,ふらつき,9
福井県,18,越前市,209,35.868948,136.167603,17,ふらつき,8
福井県,18,越前市,209,35.922362,136.165717,17,ふらつき,7
福井県,18,越前市,209,35.905332,136.172227,17,ふらつき,6
福井県,18,越前市,209,35.86914199,136.167562,17,ふらつき,13
福井県,18,越前市,209,35.875853,136.165998,17,ふらつき,12
福井県,18,越前市,209,35.911136,136.189139,17,ふらつき,6
福井県,18,越前市,209,35.920901,136.16502,17,ふらつき,9
福井県,18,越前市,209,35.91427,136.188984,17,ふらつき,5
福井県,18,越前市,209,35.90086,136.173054,17,ふらつき,8
福井県,18,越前市,209,35.91475599,136.188965,17,ふらつき,9
福井県,18,越前市,209,35.899413,136.173079,17,ふらつき,10
福井県,18,越前市,209,35.90655499,136.190378,17,ふらつき,6
福井県,18,越前市,209,35.875317,136.166205,17,ふらつき,5
福井県,18,越前市,209,35.875397,136.16618,17,ふらつき,8
福井県,18,越前市,209,35.871317,136.167614,17,ふらつき,5
福井県,18,越前市,209,35.879108,136.16606,17,ふらつき,5
福井県,18,越前市,209,35.878684,136.165973,17,ふらつき,6
福井県,18,越前市,209,35.922565,136.165963,17,ふらつき,5
福井県,18,越前市,209,35.922343,136.16538,17,ふらつき,9
福井県,18,越前市,209,35.868149,136.167541,17,ふらつき,20
福井県,18,越前市,209,35.86869699,136.167781,17,ふらつき,10
福井県,18,越前市,209,35.910226,136.189351,17,ふらつき,5
福井県,18,越前市,209,35.871141,136.167582,17,ふらつき,8
福井県,18,越前市,209,35.882545,136.229288,17,ふらつき,5
福井県,18,越前市,209,35.888914,136.21363,17,ふらつき,8
福井県,18,越前市,209,35.867362,136.168346,17,ふらつき,6
福井県,18,越前市,209,35.867915,136.168174,17,ふらつき,7
福井県,18,越前市,209,35.882936,136.228862,17,ふらつき,6
福井県,18,越前市,209,35.87615,136.165899,17,ふらつき,9
福井県,18,越前市,209,35.89983,136.173066,17,ふらつき,5
福井県,18,越前市,209,35.880325,136.231949,17,ふらつき,6
福井県,18,越前市,209,35.88203,136.229574,17,ふらつき,6
福井県,18,越前市,209,35.863403,136.189006,17,ふらつき,5
福井県,18,越前市,209,35.916885,136.182588,17,ふらつき,5
福井県,18,越前市,209,35.922424,136.165411,17,ふらつき,5
福井県,18,越前市,209,35.89587,136.15535,17,ふらつき,17
福井県,18,越前市,209,35.89588599,136.155405,17,ふらつき,9
福井県,18,越前市,209,35.894174,136.178946,17,ふらつき,11
福井県,18,越前市,209,35.904302,136.140105,17,ふらつき,5
福井県,18,越前市,209,35.90055799,136.139953,17,ふらつき,5
福井県,18,越前市,209,35.866993,136.150671,17,ふらつき,6
福井県,18,越前市,209,35.904835,136.142375,17,ふらつき,5
福井県,18,越前市,209,35.910024,136.189391,17,ふらつき,8
福井県,18,越前市,209,35.874757,136.166471,17,ふらつき,5
福井県,18,越前市,209,35.903405,136.151214,17,ふらつき,8
福井県,18,越前市,209,35.869736,136.167552,17,ふらつき,6
福井県,18,越前市,209,35.911685,136.189029,17,ふらつき,5
福井県,18,越前市,209,35.914351,136.188987,17,ふらつき,5
福井県,18,越前市,209,35.922057,136.18528,17,ふらつき,9
福井県,18,越前市,209,35.915619,136.189013,17,ふらつき,7
福井県,18,越前市,209,35.909777,136.189443,17,ふらつき,7
福井県,18,越前市,209,35.915441,136.189,17,ふらつき,5
福井県,18,越前市,209,35.909698,136.18946,17,ふらつき,5
福井県,18,越前市,209,35.91059,136.189262,17,ふらつき,7
福井県,18,越前市,209,35.91558,136.173467,17,ふらつき,5
福井県,18,越前市,209,35.914391,136.173059,17,ふらつき,5
福井県,18,越前市,209,35.914043,136.172953,17,ふらつき,5
福井県,18,越前市,209,35.910649,136.189248,17,ふらつき,5
福井県,18,越前市,209,35.92185,136.165236,17,ふらつき,5
福井県,18,越前市,209,35.885647,136.167683,17,ふらつき,5
福井県,18,越前市,209,35.893825,136.17916,17,ふらつき,6
福井県,18,越前市,209,35.919005,136.192397,17,ふらつき,7
福井県,18,越前市,209,35.868636,136.167742,17,ふらつき,5
福井県,18,越前市,209,35.893912,136.179134,17,ふらつき,6
福井県,18,越前市,209,35.88884,136.213891,17,ふらつき,5
福井県,18,越前市,209,35.877144,136.137087,17,ふらつき,6
福井県,18,越前市,209,35.874481,136.172823,17,ふらつき,5
福井県,18,越前市,209,35.877057,136.137172,17,ふらつき,5
福井県,18,越前市,209,35.928908,136.144546,17,ふらつき,5
福井県,18,越前市,209,35.929982,136.240629,17,ふらつき,13
福井県,18,越前市,209,35.960625,136.247844,17,ふらつき,5
福井県,18,越前市,209,35.885838,136.157406,17,ふらつき,6
福井県,18,越前市,209,35.922742,136.193429,17,ふらつき,5
福井県,18,越前市,209,35.864359,136.14887,17,ふらつき,5
福井県,18,越前市,209,35.933408,136.300512,17,ふらつき,6
福井県,18,越前市,209,35.874732,136.17236,17,ふらつき,5
福井県,18,越前市,209,35.865645,136.182943,17,ふらつき,6
福井県,18,越前市,209,35.865477,136.183043,17,ふらつき,6
福井県,18,越前市,209,35.889339,136.152138,17,ふらつき,5
福井県,18,越前市,209,35.92436099,136.259052,17,ふらつき,7
福井県,18,越前市,209,35.923918,136.155592,17,ふらつき,5
福井県,18,越前市,209,35.919101,136.192385,17,ふらつき,5
福井県,18,越前市,209,35.911482,136.189078,17,ふらつき,5
福井県,18,越前市,209,35.91366699,136.189032,17,ふらつき,9
福井県,18,越前市,209,35.92175499,136.165173,17,ふらつき,6
福井県,18,越前市,209,35.91328699,136.189038,17,ふらつき,7
福井県,18,越前市,209,35.91907,136.192442,17,ふらつき,8
福井県,18,越前市,209,35.929094,136.156487,17,ふらつき,6
福井県,18,越前市,209,35.86555899,136.183017,17,ふらつき,5
福井県,18,越前市,209,35.874736,136.201405,18,車線逸脱警告,2
福井県,18,越前市,209,35.852998,136.133473,18,車線逸脱警告,2
福井県,18,越前市,209,35.883836,136.181848,18,車線逸脱警告,2
福井県,18,越前市,209,35.901995,136.205426,18,車線逸脱警告,3
福井県,18,越前市,209,35.883469,136.181083,18,車線逸脱警告,2
福井県,18,越前市,209,35.875485,136.163189,18,車線逸脱警告,2
福井県,18,越前市,209,35.902469,136.202331,18,車線逸脱警告,2
福井県,18,越前市,209,35.875503,136.163242,18,車線逸脱警告,2
福井県,18,越前市,209,35.893045,136.20492,18,車線逸脱警告,2
福井県,18,越前市,209,35.878355,136.201986,18,車線逸脱警告,2
福井県,18,越前市,209,35.920665,136.201142,18,車線逸脱警告,2
福井県,18,越前市,209,35.852942,136.130988,18,車線逸脱警告,2
福井県,18,越前市,209,35.953826,136.201776,18,車線逸脱警告,2
福井県,18,越前市,209,35.91702329,136.205705,3,速度超過,2
福井県,18,越前市,209,35.87594399,136.164097,3,速度超過,9
福井県,18,越前市,209,35.9007664,136.2027397,3,速度超過,5
福井県,18,越前市,209,35.8803219,136.1072736,3,速度超過,8
福井県,18,越前市,209,35.87658299,136.165586,3,速度超過,5
福井県,18,越前市,209,35.881157,136.175789,3,速度超過,5
福井県,18,越前市,209,35.8852956,136.1849922,3,速度超過,2
福井県,18,越前市,209,35.8981553,136.1923547,3,速度超過,4
福井県,18,越前市,209,35.911236,136.172004,3,速度超過,3
福井県,18,越前市,209,35.90788469,136.1700161,3,速度超過,8
福井県,18,越前市,209,35.90684799,136.181094,3,速度超過,4
福井県,18,越前市,209,35.9070425,136.1700617,3,速度超過,2
福井県,18,越前市,209,35.9142092,136.2167378,3,速度超過,3
福井県,18,越前市,209,35.8775272,136.1677675,3,速度超過,8
福井県,18,越前市,209,35.9082467,136.2002058,3,速度超過,3
福井県,18,越前市,209,35.875555,136.163245,3,速度超過,3
福井県,18,越前市,209,35.88085139,136.1751186,3,速度超過,3
福井県,18,越前市,209,35.9137647,136.2145789,3,速度超過,2
福井県,18,越前市,209,35.88488799,136.184061,3,速度超過,4
福井県,18,越前市,209,35.885564,136.185583,3,速度超過,3
福井県,18,越前市,209,35.90929169,136.1600058,3,速度超過,2
福井県,18,越前市,209,35.9246239,136.1904567,3,速度超過,2
福井県,18,越前市,209,35.89521109,136.1924344,3,速度超過,3
福井県,18,越前市,209,35.87821249,136.1692786,3,速度超過,6
福井県,18,越前市,209,35.896202,136.192423,3,速度超過,2
福井県,18,越前市,209,35.899155,136.192321,3,速度超過,3
福井県,18,越前市,209,35.919133,136.171846,3,速度超過,2
福井県,18,越前市,209,35.906867,136.181128,3,速度超過,2
福井県,18,越前市,209,35.89373,136.192469,3,速度超過,3
福井県,18,越前市,209,35.884305,136.182822,3,速度超過,2
福井県,18,越前市,209,35.92762299,136.190127,3,速度超過,2
福井県,18,越前市,209,35.8728436,136.2007183,3,速度超過,2
福井県,18,越前市,209,35.8990442,136.1923206,3,速度超過,6
福井県,18,越前市,209,35.8831658,136.1802544,3,速度超過,2
福井県,18,越前市,209,35.8798697,136.1729486,3,速度超過,6
福井県,18,越前市,209,35.8971833,136.1923889,3,速度超過,3
福井県,18,越前市,209,35.8765831,136.1655861,3,速度超過,8
福井県,18,越前市,209,35.892128,136.192514,3,速度超過,5
福井県,18,越前市,209,35.865705,136.1829139,3,速度超過,2
福井県,18,越前市,209,35.9141342,136.1791742,3,速度超過,2
福井県,18,越前市,209,35.9099492,136.1711072,3,速度超過,2
福井県,18,越前市,209,35.895331,136.192423,3,速度超過,2
福井県,18,越前市,209,35.9115522,136.2332928,3,速度超過,2
福井県,18,越前市,209,35.90109,136.1922636,3,速度超過,2
福井県,18,越前市,209,35.926077,136.164482,3,速度超過,2
福井県,18,越前市,209,35.901655,136.2018536,3,速度超過,2
福井県,18,越前市,209,35.8881747,136.1909119,3,速度超過,2
福井県,18,越前市,209,35.8860825,136.1867419,3,速度超過,2
福井県,18,越前市,209,35.896202,136.192423,3,速度超過,2
福井県,18,越前市,209,35.87437,136.1616092,3,速度超過,2
福井県,18,越前市,209,35.9179856,136.1742656,3,速度超過,2
福井県,18,越前市,209,35.91446719,136.1730953,3,速度超過,2
福井県,18,越前市,209,35.9147733,136.1889797,3,速度超過,2
福井県,18,越前市,209,35.893091,136.192491,3,速度超過,2
福井県,18,越前市,209,35.914023,136.189002,3,速度超過,2
福井県,18,越前市,209,35.9003308,136.1922864,3,速度超過,2
福井県,18,越前市,209,35.909857,136.173436,3,速度超過,2
福井県,18,越前市,209,35.8629739,136.1890839,3,速度超過,2
