住所,Geo3x3
瓜生町53-3-8,E913849889445841
瓜生町34-19-4,E913849889764788
瓜生町34-1-23,E913849889757346
瓜生町36-5,E913849889766573
瓜生町36-31,E913849889819372
瓜生町52-2-25,E913849889481886
瓜生町49-29,E913849889492711
瓜生町47-18,E913849889584311
瓜生町51-2-19,E913849889721756
瓜生町51-1,E913849889489561
瓜生町28-16-1,E913849889859199
瓜生町45-9-8,E913849889954221
瓜生町39-22,E913849897747387
瓜生町43-2,E913849897745695
瓜生町41-19,E913849897727577
瓜生町47-18,E913849889558277
村国三丁目67-1,E913849886315731
村国三丁目6-22,E913849886135446
村国三丁目63-1,E913849886226414
村国三丁目6-3,E913849886137234
村国三丁目6-9,E913849886241714
村国三丁目49-4,E913849886299648
村国三丁目23-9,E913849886512886
村国三丁目35-2,E913849886497666
村国三丁目32-18,E913849886453452
村国三丁目42-15,E913849886647622
村国三丁目10-9,E913849886248867
馬上免町1-7,E913849886987692
馬上免町3-4-32,E913849894787481
長土呂町4-1-17,E913849897161598
長土呂町4-1-22,E913849897152584
長土呂町3-1-41,E913849897181832
庄町21-11,E913849892811218
庄町32-19,E913849892589136
高木町39-16,E913849897568215
高木町40-30,E913849897671229
高木町36-1,E913849897588972
高木町40-1,E913849897679288
高木町42-6,E913849897683693
高木町40-6,E913849897678276
高木町40-14-2,E913849897599699
高木町41-14,E913849897927135
高木町35-35,E913849897943634
高木町35-23,E913849897957696
高木町27-54,E913849897947931
高木町42-20,E913849897925372
国高公民館,E913849894514898
