街灯ID,lng,lat
7106,136.1750287874437,35.897121300529314
99,136.17780394448664,35.897392390007965
7101,136.17518125225925,35.89761042087585
95,136.17123326962468,35.897838687499636
7105,136.1752852269676,35.8979721540008
7100,136.17560778239206,35.89835844831669
94,136.17183028227703,35.89865886020165
7728,136.19222427489237,35.898955994648325
7733,136.19247105394712,35.89896577791247
7099,136.17600912106474,35.89896645029473
93,136.17176617320354,35.89897153563788
7729,136.19222177291275,35.899003499523474
7731,136.1924586531335,35.89900581341364
7730,136.1922199702152,35.899065332878244
7732,136.19245585048543,35.89906837667288
7719,136.19219897093245,35.89908763012652
7718,136.19228856330352,35.89909172125386
7717,136.1923798556333,35.89909364264299
7716,136.19246904818672,35.89909449410987
7722,136.19225446333985,35.89915243416434
7721,136.19234405586835,35.89915310565746
7720,136.19243514827275,35.89915376717785
7727,136.192212465592,35.89917927056032
7725,136.1924538453599,35.899183304345115
7726,136.19221016291945,35.89924146386786
7724,136.19245284257937,35.899245497675366
7734,136.19221016099783,35.89928319940376
7723,136.1924528407991,35.899284163539605
7121,136.18323809857674,35.89944700516512
7123,136.18220647925293,35.89955556553381
7122,136.18242305153245,35.89976696670515
96,136.17232398657677,35.8998467517677
7117,136.18309798545872,35.89998459521675
7124,136.1813245323396,35.89999334330358
7120,136.18366823635125,35.90002257111558
7118,136.18386241076348,35.90022805252886
7762,136.1821658436068,35.90040298418358
6950,136.1760812455231,35.900476909994815
7753,136.1773178406306,35.90052456649745
7763,136.18307466220534,35.90053165629535
7765,136.18119911254442,35.90064944093621
7119,136.18416206438727,35.900694757843915
92,136.17180028713597,35.90077914289094
7755,136.17711573993617,35.90090415236655
7737,136.17729132362325,35.90094174141297
7098,136.1760409274446,35.90094223951863
74,136.1724164283746,35.9009440060194
7764,136.18176575176275,35.90094745895768
7754,136.17712652870654,35.90112856855129
7760,136.18316532506077,35.90117480908696
7115,136.18361428361493,35.901265157265364
7761,136.18256396837796,35.901318683194006
7105,136.17744579123615,35.901366498678804
97,136.1760201073204,35.90141682839263
7114,136.18369606160553,35.901595643344805
7759,136.18319190051835,35.90165986766899
7752,136.17751466591014,35.90179228433956
7104,136.17691111559478,35.901801832775845
7738,136.17764765335585,35.90182507315537
84,136.17024496557087,35.90188091787708
7116,136.18292520836235,35.90197051978304
7113,136.18344276334946,35.90201461410699
7134,136.17312291552764,35.90212050252103
81,136.1759394816043,35.90212072169544
7751,136.17820779319132,35.90212141124301
6491,136.1835727453876,35.902170259729466
7093,136.17333539492398,35.90218472936273
7094,136.17355727363963,35.90224678660067
7111,136.18331986149903,35.90227646395259
7110,136.18338545545842,35.90228934372072
7135,136.17385034546842,35.90233000281899
7139,136.17407352596504,35.9023510344678
83,136.17012035394777,35.90235808466239
7136,136.17405692569037,35.90238694033732
6975,136.17418481433117,35.902402970856556
6976,136.17421651128987,35.90241185046045
7140,136.174362798138,35.90243363068606
7112,136.18322796158733,35.90244029482389
6962,136.17434169846948,35.90246448701709
7750,136.1783752606344,35.90252641084919
7137,136.17455577777022,35.902527903973365
7785,136.18345043783938,35.902554776464925
7665,136.18312086516153,35.902555830595425
6948,136.1748329511717,35.9026056405001
75,136.17022883266065,35.902624728036876
7783,136.18294367592165,35.90264172831273
7784,136.18329494578185,35.90266273220188
7138,136.1750927262451,35.90267844725022
7095,136.17530680552514,35.90274231415836
6949,136.1755312841584,35.90280147175187
7739,136.17874421433032,35.902866560911164
8330,136.16924459595845,35.9030252380061
8325,136.16944627906824,35.903028291202396
7109,136.18255209045608,35.90303233969274
8317,136.16902891325896,35.90303852281776
8331,136.1696077651283,35.90303977279504
8332,136.1697823499513,35.90305449426996
8333,136.16997673333955,35.90306466657727
8337,136.1693101825969,35.90319712076704
8336,136.1694959670179,35.903200373664255
8338,136.16911019876488,35.90320668625072
8335,136.16964795360855,35.903217464491014
8334,136.1698550355734,35.90323564616346
90,136.17616880983982,35.903265623241786
89,136.17633579368814,35.903315220853564
7749,136.17857830684312,35.90332838861582
7781,136.1826279695462,35.90334958708517
91,136.17648116956323,35.90357694539867
7126,136.1852085445282,35.903582037297866
7125,136.1854893168849,35.90367597215488
7748,136.17897725715736,35.90368787713329
7758,136.18217209000954,35.903727398711204
7687,136.18151804133507,35.90379239033518
7108,136.1821867831372,35.903850145838746
7741,136.1821505752388,35.90408697987437
7740,136.1818502999271,35.90409239405026
80,136.17508775682296,35.904195054946086
7746,136.17990535600913,35.90421061743206
577,136.20027046251042,35.90425828805698
7745,136.1805526987772,35.90428599067742
7747,136.17917941042896,35.904338081118134
7742,136.18167679371788,35.904540173124836
7782,136.1825724176568,35.9045766648658
7744,136.1805424826293,35.9046551010187
7664,136.18209095260266,35.90468610475014
7107,136.182409623358,35.90474646386042
7743,136.1813227059213,35.904913776978965
7393,136.17483004454866,35.90492642221704
79,136.1746972548618,35.90494194823689
575,136.20004044984043,35.9049482902362
576,136.20031042695845,35.904958293881975
573,136.20021043066123,35.90505823144592
7392,136.17482973184497,35.90520287264227
574,136.20004053463913,35.90527826494338
7106,136.18165325915524,35.90533321788917
7394,136.17563755068718,35.90550841407179
7757,136.18124898421848,35.90551806105663
6731,136.1754830599917,35.90558498318337
6732,136.1756115487236,35.905597954040346
6747,136.1757251383931,35.905617433940876
6748,136.17577673363434,35.905627723741496
7395,136.17638358268354,35.90563972305807
6752,136.1758710250378,35.90564435360978
6751,136.17593421902615,35.90566093294027
6750,136.17600501238798,35.905677412414185
6721,136.17494710015862,35.90567932373086
6723,136.17499869539526,35.90568971352079
6756,136.17607530584107,35.905692811994875
6724,136.1750500904998,35.905703332961785
6725,136.17511328493202,35.90571027332328
6749,136.1761586979499,35.90571378120863
6726,136.17516877984156,35.90572073317383
6746,136.17622959144433,35.905727201011565
6727,136.17520867605347,35.90573104276799
6728,136.1752563719128,35.905734943183916
6722,136.17529616798802,35.90574840243944
6730,136.17543635633433,35.90574864486222
6720,136.17490359871326,35.90578917122165
6733,136.17570523049505,35.905824861406565
7756,136.1806707180911,35.90582539808291
6745,136.1762745825479,35.90583925981156
6754,136.17589921251786,35.90586541045776
6755,136.17603979978082,35.905888460448
6757,136.17564403033956,35.90593861817007
6719,136.17485629411772,35.90597429059488
6753,136.1760650937017,35.90597486164829
7397,136.17583821176933,35.905991685885745
6739,136.17611448732467,35.90602426722661
7396,136.17630117033485,35.90605653703586
6740,136.17618227800116,35.906104479831136
6729,136.17553013140727,35.906120856688204
6744,136.17617957614584,35.906149644953054
6718,136.17523065485557,35.906151758151914
7102,136.1772584853054,35.90617653092296
6716,136.1748523844357,35.90619160728226
6743,136.17615357595014,35.906200789028496
6717,136.1751017615214,35.90623946651915
78,136.17408854461644,35.906262306378004
6742,136.1760995759241,35.90629874760756
6738,136.1761820668499,35.90634703388372
6737,136.17620656318604,35.906382420526626
6734,136.1759269843769,35.90642646093254
6741,136.176152965571,35.90642729479064
6736,136.17619236214807,35.90643057512792
6735,136.17616256238807,35.906479109416146
7299,136.174720181917,35.90648474361898
7298,136.17450428411115,35.906826483295134
7101,136.17512932680665,35.90694365168055
76,136.17375969719762,35.90788520704743
7213,136.1814763522739,35.90797343240006
7214,136.18156934383137,35.907989062352584
544,136.17927032926548,35.90810843942633
7340,136.19023931653297,35.9081468369181
7044,136.18151583574124,35.90826126230327
19783,136.20079303085308,35.90834670988465
7339,136.18982394139513,35.9083560672832
19782,136.20147617280185,35.90837530875835
7040,136.18161791720598,35.908479680724184
7338,136.18979143788718,35.90849087229662
7705,136.1823121585484,35.908501430524346
7337,136.19013070397574,35.908615434899396
555,136.18658039684536,35.90865843828538
77,136.1736418693684,35.90870208761523
543,136.18308028522304,35.90870846179726
7039,136.18158660854388,35.90872426401652
568,136.1909103317234,35.90877842108429
554,136.18205026431798,35.90884847882925
7215,136.1816423940538,35.90893833209408
7058,136.18165449051415,35.90899338641673
7219,136.1815657975831,35.908999834177855
557,136.18814035025594,35.909028425959455
556,136.18692034789362,35.90910839609563
545,136.1799903229614,35.90911848396768
7212,136.18158548650294,35.909204952582165
553,136.18301036800645,35.90920845709618
570,136.19002038261172,35.90927837206419
569,136.19040044828247,35.909338422279916
546,136.18084034177687,35.909348494213184
547,136.18028028506706,35.909418466946164
7041,136.18170426545754,35.90944776868516
558,136.18791034771746,35.90949838167517
7706,136.18559913837444,35.90952632831535
7694,136.18779774607057,35.90973723416051
559,136.18793033500612,35.90973838635324
7217,136.18163505744565,35.90974658551464
548,136.18362029202882,35.909758418925655
7216,136.1817439439946,35.90984231717708
560,136.18913032613816,35.90993839592072
7218,136.18166694017447,35.910064162103346
7042,136.18179112018703,35.91027426180005
7267,136.19052319373824,35.910301581403836
562,136.18785031126126,35.91039838436164
563,136.18918039895735,35.91043837331746
561,136.1880502900484,35.91049838715837
18839,136.17173924270168,35.910541047685115
6964,136.17767364530678,35.91063982077838
7483,136.1817237087726,35.91064373110387
6965,136.17818060267498,35.91065131840377
7197,136.17878405199045,35.91066366762353
7199,136.17932820617645,35.910677185682545
7043,136.18182769854138,35.91067836921538
6966,136.17999974956368,35.910695465457394
7202,136.1805843003441,35.9107100841043
7479,136.18177590116264,35.910714864407076
7195,136.17791042214793,35.910715716796346
7204,136.18123444556502,35.910727133636975
7196,136.17845477608068,35.910734374309136
7264,136.18953365559597,35.91074292691266
6963,136.18181299678992,35.91074292205396
7198,136.17904482661157,35.91074449353337
7075,136.17755115031682,35.91075194664566
6967,136.1822605590582,35.910755128566066
7200,136.1796494755373,35.9107631421003
6968,136.18294560137127,35.910772388685764
7201,136.1803109198954,35.910778552005716
7206,136.18346455778212,35.91078303661163
7203,136.18087527240579,35.91079203042178
7208,136.1843487833606,35.91080447976311
7098,136.1785394658031,35.910804828252644
7480,136.18174989900797,35.910808553931794
7481,136.18163830820146,35.91081016181062
8304,136.1801035356347,35.910810774936685
7207,136.1849079364529,35.91081469843702
7484,136.18193598311908,35.91081799617224
7210,136.18557388062143,35.91082610884881
7096,136.17878974392264,35.91082861008061
7081,136.1795738784403,35.91083644293953
7211,136.18618972896792,35.91083713842631
7205,136.18262552493462,35.91083794608283
7083,136.179320699395,35.91083799835081
7084,136.17915841269146,35.91084193509501
7728,136.17977556137657,35.910843265732616
7085,136.17907661920495,35.910848003017264
6970,136.18314948094684,35.91084823413452
7478,136.18178139435264,35.910852849744025
7224,136.18683627453893,35.91085307801481
7082,136.17942249005637,35.91085721807306
7263,136.18970313612547,35.910860097340404
6969,136.1839190159799,35.91087120511924
7225,136.18753411572135,35.91087180820083
7140,136.17928520043978,35.91087933330951
7209,136.1845826602934,35.910883615383916
7087,136.1790110229257,35.91088550785994
7227,136.18822705749258,35.910886588723734
6971,136.18522730620867,35.910895505372395
7222,136.1817363956215,35.910906453224555
6972,136.18583795497406,35.91090681482912
7141,136.17892532899467,35.91090826392909
7099,136.17833207801957,35.91091356299979
7482,136.181815288685,35.91091480370943
6973,136.18650189941638,35.91091588545625
7086,136.17904861808327,35.91092286452093
6974,136.187139745581,35.91093462459337
7095,136.17871514451852,35.910950215770534
7226,136.18788648271416,35.91095310566012
7229,136.1888055052287,35.910978329015066
7088,136.1789291251894,35.91098405588865
7097,136.17850755997978,35.91098883801352
7228,136.18854562600777,35.91099578260882
6629,136.17833687314746,35.91101072269129
7729,136.1793321897425,35.91102689834665
7089,136.17897061935557,35.911035911066975
7235,136.19084503291282,35.9110420678226
7266,136.1895520397313,35.9110543039287
7231,136.18932765771055,35.91106853848681
7054,136.18173028737897,35.91109647279325
7233,136.18990790776618,35.9111066545453
7230,136.18905197877964,35.911108189430344
7094,136.17864624220059,35.91112482589058
7265,136.18920746411425,35.91114624807548
7234,136.19060444777904,35.91115313174076
7232,136.18955103504157,35.91115796282372
7093,136.17878742820247,35.91117418307745
7223,136.1902392758961,35.911201130228235
7262,136.18961872725808,35.91120490898474
8305,136.19019207897415,35.91121940744889
6633,136.18994489718068,35.9112698277383
6634,136.18981570716585,35.911285983753636
6632,136.18999449120224,35.9113102142848
7053,136.18182766892238,35.911321660408035
6635,136.18974271157475,35.91132188863819
7236,136.1907271294147,35.91133068489248
7090,136.17901680090148,35.91135338791611
7383,136.18590042887203,35.91136099734072
7080,136.17998092015603,35.91136807318594
7384,136.1863443914273,35.91137346376214
7092,136.17886571089048,35.91140895933302
7730,136.17858953286566,35.91142983227635
7382,136.1852047827889,35.91144473623289
6636,136.18960051487795,35.9115066163958
6631,136.189855592621,35.91152991835893
7052,136.18172736718492,35.911540295270704
564,136.18676034698464,35.91158841803613
7079,136.17990281433944,35.91163526324283
7091,136.1789364943753,35.91163995586189
7650,136.18650276584256,35.911643447650874
7076,136.1907815102184,35.91164949174258
7139,136.1793437584595,35.911685408114096
7078,136.17963363400733,35.91169362229884
7077,136.17918007077654,35.91171314228844
19912,136.17794907291682,35.91171516057033
7055,136.18181645074068,35.91173674581428
7261,136.1900368670751,35.91175775715552
18840,136.17216944810366,35.911819528452526
7050,136.18171575528243,35.911819725179875
566,136.18832030453677,35.91186845533144
7237,136.19066760748385,35.91191431142772
7381,136.18519246098424,35.9119404929912
571,136.18661034148533,35.91197839370389
7100,136.1876857518609,35.91198518176236
7221,136.18180953851055,35.91201481595099
567,136.1888303534325,35.912058373926804
7646,136.18538563733898,35.91210558870674
7649,136.18526564730368,35.912105596609976
7648,136.1853058438811,35.91210742711631
7647,136.18535234001084,35.91210761790807
7644,136.1854622308757,35.91210780980705
7645,136.1854269337795,35.9121084091264
7643,136.18550102747358,35.91211172006648
7642,136.18554122406758,35.91211319061131
7641,136.18558971989822,35.91211627112891
565,136.18769034396323,35.91214841438311
7640,136.18573670493782,35.91217606730051
7639,136.18573720301197,35.91221699293177
6630,136.18521494621086,35.91222077340499
7051,136.18172473497214,35.91224460989079
7638,136.18573920102415,35.91225655873469
7704,136.18338399596485,35.91227082606953
7637,136.1857396992608,35.9122939547435
7329,136.18488746526654,35.91239757877356
7634,136.18563800186362,35.91242084939438
7636,136.18520643551585,35.912468386771444
7049,136.1817819171537,35.9125284405309
7328,136.1850788423679,35.912549705844796
7635,136.18559499845097,35.912572522420184
7651,136.18546130612904,35.912646902129225
7652,136.18545930521597,35.9126703395874
7653,136.18545980443554,35.91268638787959
7654,136.18545970366765,35.912703246074656
7048,136.18170931287705,35.91275226532226
7046,136.1817029086063,35.912856564054536
18842,136.17252077114549,35.91285719359988
552,136.18092026016095,35.91314851915606
7047,136.18170009478663,35.91316176136129
551,136.18059028572407,35.91318849911601
7220,136.1817906784752,35.913352622528905
7045,136.181686283129,35.913439841376416
550,136.18154019486516,35.913448447904095
549,136.18114032485005,35.91351846343053
18843,136.17276211825956,35.913570431527184
7301,136.1792101709977,35.913825756847615
7749,136.1914736506219,35.91386712663279
7748,136.19158064168198,35.91386830837523
7747,136.19168783264257,35.913871289928665
7751,136.19152694414933,35.91391157280968
7752,136.19161863651632,35.913911964369426
7750,136.19143185199837,35.91391262103656
7753,136.19171342855546,35.91391388581967
18758,136.19272754312246,35.91394020071887
19125,136.1934531826017,35.91394578279678
19780,136.19508434651812,35.91395917985589
7300,136.17903497836352,35.913981767100516
19781,136.19543241562064,35.91400241131166
572,136.1846503103252,35.91401847125941
18844,136.17298076476663,35.91433779326886
7145,136.17513977655966,35.91453114030048
7144,136.1746704123915,35.91459951478856
7143,136.17420294800343,35.914669239165455
18845,136.17309863938783,35.91467634911566
7142,136.1737371835819,35.914736623822286
7141,136.17328051841432,35.914803798660515
19124,136.18901910936137,35.91484673897857
18841,136.17330429660612,35.91523452300531
18847,136.17340227336834,35.91556246963932
7567,136.20072559888433,35.915677714577875
7566,136.20071909181218,35.91584303678125
18848,136.17348395361623,35.91584411094152
18846,136.17354844060338,35.91601040428109
580,136.18649024378595,35.9164884492077
581,136.18917021292725,35.91666847676371
19123,136.1883475790742,35.916715647349115
579,136.18621035459668,35.916758475436616
578,136.1843402057681,35.91684844314712
88,136.17952929614026,35.917047577813854
7710,136.1937600793428,35.91780645521747
7137,136.19326081773912,35.917873059372695
7058,136.19382265670237,35.91818527579165
7057,136.1932613013753,35.91822756146337
7329,136.17756109617739,35.91842487611798
7330,136.17761579016127,35.918456883649796
7327,136.17708773302508,35.91847840212442
7324,136.1769999396754,35.918492319102334
7332,136.17763848503233,35.91852733651053
7331,136.17766507992854,35.91859021025006
7325,136.17701973337213,35.91859350862478
7328,136.17764247989888,35.91863161542657
7326,136.1771223202025,35.91869448961571
7323,136.17704012656642,35.91870452710639
7759,136.19090476078455,35.919015875982296
7668,136.19089965875514,35.91906915019494
7760,136.19089535712385,35.91911233550068
7761,136.19089035526062,35.919161820120394
7762,136.1908848534468,35.91921113474957
7670,136.19091264721436,35.91929635611972
7763,136.19085135193475,35.919304394189304
7672,136.1910513352875,35.91930523759226
7764,136.191168824036,35.919337686173755
7671,136.19097264024802,35.91933944255909
7669,136.19111292825502,35.91934687421464
7758,136.1911337229064,35.919425526165206
7757,136.19112612132906,35.9194734909021
7756,136.19112191953198,35.91952009584381
7755,136.19111801756043,35.91956995044316
7754,136.19111291578008,35.9196178152344
7796,136.17172360688423,35.92003392204813
18836,136.17197414820467,35.92085639845181
18838,136.17221738624244,35.921763335693946
582,136.192750255443,35.92231849496791
18837,136.17243093857192,35.92241343988857
7029,136.17773574037767,35.92366510866995
583,136.19272025939364,35.92445850554708
585,136.19112018629133,35.92458852369126
584,136.19139025741563,35.924728523434226
586,136.19497025780134,35.92477844062805
7326,136.18449401728725,35.92500769311524
7324,136.18442941242586,35.92522978823133
7325,136.1840579394856,35.925312112937185
8287,136.17169746551292,35.92532294587416
7323,136.18443999730744,35.92553902534002
7116,136.17978297440808,35.92574883155331
7115,136.17956428427078,35.925929068455126
7318,136.17977514328683,35.92643881761518
7317,136.1796165556619,35.92645609299729
7238,136.1798143328298,35.92659523156957
7239,136.1796287471796,35.926618315858775
7615,136.18348662657868,35.926622822763534
7614,136.1832822434385,35.92662529892865
6552,136.18358221633096,35.92667296906954
6553,136.18322044136977,35.92678169112133
6554,136.18341462348874,35.92681979043804
7240,136.17982961837535,35.926881571209506
7003,136.1796767310082,35.92688296838953
7536,136.1837523896388,35.92694572286809
7535,136.18319393319757,35.92700697656163
6550,136.18383747792984,35.92704654357052
6549,136.1837569845881,35.92704712210263
6551,136.18392417062412,35.92704884483865
6548,136.18366149242894,35.92704907022627
7540,136.18403626119436,35.92705146651616
7541,136.18358059888837,35.92705468821237
7241,136.17990300078986,35.92713112579878
6547,136.18355519689936,35.927143698248095
7539,136.18406415426858,35.927151566296644
7004,136.17972001499825,35.92715259030665
7538,136.18404275219328,35.92723523697334
6546,136.18394845999663,35.927235835262316
7537,136.18358329026867,35.927237028756124
6543,136.18367728238618,35.9272386902202
6544,136.18376547501023,35.92723981164074
6545,136.1838558672854,35.92724454271361
8286,136.17252670760413,35.9272566535282
7242,136.17993548865178,35.927336134438406
7243,136.17975210293946,35.927356599046234
7314,136.17992378770083,35.92737788976784
7310,136.17977429909283,35.927400104780546
7316,136.17994198260124,35.92745582175
7312,136.17979239422942,35.927473087290366
7466,136.17985548688176,35.92751886349617
7465,136.17992617967508,35.927547871628256
7315,136.17996617499062,35.92757746916109
7311,136.1798075875899,35.92758987506406
7313,136.17997236966204,35.927682018086685
7309,136.17982678114123,35.92769530412255
7245,136.18000096533038,35.927724514040776
7244,136.1798161795557,35.92774885820919
7246,136.1800396523584,35.92793645204751
7005,136.17986086617293,35.92795889652392
7467,136.18008183633626,35.92820832370478
7006,136.17990435020076,35.928227338570736
7247,136.1801280202356,35.928474686021204
7007,136.17994883410822,35.92849659054839
7468,136.1801708051967,35.92872412008892
7248,136.17999231908212,35.92874448479303
7250,136.18020828996725,35.92898725259886
7249,136.18004210306,35.92900264804932
7008,136.18468989170137,35.92955348031636
7117,136.1874919553833,35.92963186087725
6951,136.1756915898394,35.932792856654395
6952,136.17536131720453,35.93279424073737
3899,136.2000504282147,35.903228234388756
6447,136.1903003365665,35.90325830086488
197,136.17125031311866,35.90337850525491
212,136.1723003249981,35.903398441463416
6448,136.19021043666325,35.903418342176444
205,136.17180036145174,35.90350850095836
201,136.1721103357084,35.903508506372205
214,136.17150027992855,35.90364846074655
3898,136.20007040675566,35.903658228745265
6446,136.18995034444853,35.90371836554264
6445,136.19030041445492,35.90373835951886
218,136.1723903000252,35.90377850238348
217,136.17290035674466,35.90379849915394
3896,136.19860042192502,35.90380832701396
227,136.17181034635001,35.90381845797957
226,136.17227030723086,35.90383843387721
3897,136.20000050196796,35.90388828291748
229,136.17180023705762,35.904038494267766
6444,136.189770442812,35.904078373893526
3903,136.1990304705544,35.9041483181601
6442,136.19035039096724,35.904158305474134
3894,136.19857050737394,35.904178286920285
6443,136.18998042030879,35.904188365796465
224,136.17136026576915,35.904208488399966
225,136.17179022913945,35.90422850376942
3895,136.19955052183872,35.90426832440805
230,136.17211029933748,35.90429844187956
3893,136.2001204662197,35.90444826511687
3890,136.19902045526968,35.904498320548676
3891,136.19930053154943,35.90450831437191
6441,136.19035047484013,35.904508388030536
232,136.17167032344244,35.90456848531034
3892,136.1985404873034,35.90466830398338
231,136.17127035067332,35.90469849441803
228,136.1719402922741,35.904758459706194
3889,136.20011044817085,35.90485830108418
233,136.17153031664958,35.90496852007683
3888,136.19799041594854,35.905038314798524
3887,136.19871045569025,35.90504829630806
3886,136.19934040291554,35.90505824624729
236,136.1718502859347,35.905058466045155
3885,136.1998204612037,35.90509828035055
235,136.17174028217605,35.9053384941717
234,136.17137030829954,35.90543844701823
3884,136.2000704238665,35.90545830620813
3883,136.1985204466033,35.9055883352262
240,136.17126031006498,35.9055984979777
238,136.1717003675337,35.905728471762245
239,136.17126030315927,35.9057484819352
3882,136.2000605099551,35.905778301808034
241,136.1708303370253,35.90578849014554
237,136.17159027253146,35.90581850020968
3881,136.20004039504738,35.90613833294752
242,136.17110029618712,35.90618848207762
245,136.17145036573032,35.90621853497791
246,136.1710102912298,35.90645847162721
247,136.17067031486016,35.90655846499339
3880,136.19848040434604,35.90657825864393
243,136.170950289303,35.90660853452832
244,136.17132025811995,35.90661846992798
3879,136.19847038721844,35.9069682867513
3878,136.19992036541618,35.906998318866286
253,136.17060027877397,35.90746846643571
3590,136.18353038606196,35.907878448438076
3578,136.18202030963155,35.90791842778487
3582,136.1825402664487,35.90791844686508
3576,136.1811602805932,35.9079284816871
3586,136.18311041771875,35.9079484036199
3877,136.19977043366276,35.907958323564664
3646,136.18014026208365,35.907998436387714
3645,136.1797702914266,35.90802846671325
3874,136.19824034922476,35.90820829010161
3713,136.18340038028157,35.9082384576604
3584,136.1825103541968,35.908238472112494
3591,136.183800345686,35.90826840144393
3585,136.18273033454847,35.90826842275142
3579,136.18202039350854,35.908268420350915
3595,136.17868027090307,35.90826841200882
3875,136.19976041883842,35.90829832702275
3652,136.18052031670527,35.908298460935434
3577,136.18134024861004,35.90829847525591
3587,136.18325028860198,35.90832846541142
3810,136.1910104427495,35.90835840775785
3594,136.17808031612185,35.90836846082793
254,136.17083031638364,35.9084085099062
3580,136.1823003633499,35.90841842919619
248,136.17108029470165,35.908428522132134
3811,136.19070036481764,35.9084384037852
3709,136.18419030547093,35.90843843006911
3581,136.18201028559824,35.90845843984974
3593,136.17771034178404,35.90847843260282
3745,136.18875032400535,35.90849837330884
3746,136.1884103508579,35.90852838416044
249,136.17082021123696,35.90853850582525
3813,136.19145039746564,35.90854834512686
3814,136.18966044611676,35.90854840385493
3647,136.17944029350895,35.90857842212549
3750,136.18805037799203,35.90858835145854
3812,136.19106042754916,35.90859836296519
3588,136.18320027986445,35.90860841459436
3648,136.179090320732,35.90861842173403
3649,136.17857026391948,35.90861848264351
3747,136.18716035006338,35.90862841162728
3592,136.17721027640678,35.90862843782337
3651,136.1779203174375,35.90862846022348
3748,136.1876204109341,35.908648427522394
3583,136.18257033034,35.90864839931404
3650,136.1783702786884,35.90865843487698
3815,136.19050047036788,35.908678394624005
3749,136.18744042266104,35.90871837689665
3712,136.18354034655823,35.908718388771504
3711,136.18390031620285,35.908728383990116
3751,136.18892039790663,35.90875841846498
3710,136.1842002889876,35.908778393880745
3816,136.1895703402461,35.90883841126164
3604,136.17951027572374,35.90883844553562
3653,136.1798703453596,35.90884845075492
3596,136.17697028436444,35.908888465818585
3589,136.18294028810323,35.90889840903502
256,136.17080029631308,35.9088985269693
3756,136.18828034323417,35.90892842910049
3757,136.18861041490413,35.908948362733845
3817,136.1902603774154,35.90895837048384
3758,136.1889502857566,35.908968376529785
3755,136.18796036704566,35.90898841709501
3759,136.18944034367377,35.90899843187504
3654,136.18027030523575,35.90899846169588
3752,136.1865802793574,35.90903843763835
3721,136.18154029746185,35.909048458531544
3818,136.1906603395921,35.909058416769085
250,136.17096027565827,35.90905855264726
3754,136.18740030987314,35.909068438753145
3718,136.1824403217955,35.90906844211509
3720,136.18207025252832,35.90906846564846
3714,136.1841903759974,35.909078381620716
3717,136.18284028811698,35.90907846802906
3599,136.17754022828365,35.90907843545471
3820,136.18966042033273,35.90910840395651
3716,136.18328035019,35.90910844250967
3603,136.1794003724176,35.909108464734494
3753,136.18731031458518,35.90912842076546
3601,136.17826036617276,35.90912847268157
255,136.17078028738564,35.90912849202259
3821,136.18997039274882,35.90914838509449
3655,136.18058037165812,35.909168438931026
3597,136.1770002689807,35.909168476392225
3819,136.1910404025029,35.90917841057315
3715,136.1839002954816,35.90917842585299
3600,136.1785603371183,35.90921842829955
3602,136.17899030048952,35.90923842367114
3605,136.17941026561147,35.90923843100602
3823,136.18952032414202,35.909278353331516
3760,136.18667035898318,35.90931843926265
3598,136.17768030559884,35.90931844223021
252,136.1706102927516,35.90931855872358
3719,136.1826002956175,35.90934842496227
3761,136.18713031894512,35.90935837302558
3763,136.18787035702462,35.90936838488118
3722,136.18419026172978,35.90938843845484
3723,136.18361030989425,35.909388438324655
3762,136.18763037557193,35.90939841747704
3764,136.18841030941957,35.909428377895814
3765,136.18877037813556,35.90945836097824
3724,136.18311034819308,35.90945842210615
251,136.17109024644887,35.909458482140785
3822,136.19078041074076,35.90946842501166
3766,136.18910034980922,35.90947839459915
3725,136.1821003311522,35.90947844232249
3656,136.18035037464378,35.90951841747967
3611,136.17953034044083,35.90956849779925
3726,136.18418025381115,35.909578457955426
3827,136.18943031688096,35.909598377529335
3606,136.1770602432773,35.90961850930402
3608,136.1776802913229,35.90962849906608
3826,136.18992037388102,35.90964835074415
3609,136.17820034537132,35.909688471735315
3610,136.17864030837293,35.90969845835211
3607,136.17733031624684,35.90971843333353
3824,136.19033033614946,35.90972836934625
3658,136.18042025916648,35.909728496230215
3657,136.18000029358743,35.90973841783331
3612,136.17916026289052,35.909748422090175
3659,136.1811003013092,35.90975847490218
3727,136.18306033760896,35.90977847699932
3728,136.18213031254396,35.909828485405356
3830,136.1893303136739,35.909848389041166
3768,136.18685031963392,35.90984841571946
3769,136.18746026759885,35.90987837316935
3825,136.19070029805565,35.909888398691656
3770,136.1879103297599,35.909888399958255
3828,136.18986026689882,35.90990839188008
3767,136.18668033006588,35.909928454189235
3729,136.18412024267857,35.909928459470805
3771,136.18852027680362,35.90993836526807
3831,136.18947029652193,35.909968408648915
3730,136.18359038438345,35.90997839487448
3613,136.1771303208814,35.9099784920241
3772,136.18902033297007,35.909988408650044
3615,136.17945032774787,35.909988461482065
3623,136.180700321633,35.91003849796417
3829,136.18973036939695,35.91008842035516
3832,136.19023042695008,35.91010834695846
3614,136.17771026443145,35.91015844290649
3619,136.17944341912386,35.91018820999616
3617,136.1785902895015,35.91019850399322
3735,136.18410033144002,35.910208439176195
3732,136.18358027416988,35.91021843902261
3731,136.18218028951713,35.91023842243119
3733,136.18303031892043,35.910238477273055
3618,136.17915024115635,35.910238499496124
3775,136.1878703160471,35.910258369687135
3616,136.17721030088418,35.9102685223993
3620,136.1798502807179,35.91028846637945
3621,136.1801402561746,35.91029848037345
3622,136.18075030459022,35.91031846889137
3833,136.18926039737855,35.91032837648015
3624,136.18118026842225,35.91032845533353
3625,136.18158033473546,35.910338481249234
3734,136.182780334617,35.910348461142554
3773,136.1869302890461,35.910368461491885
3774,136.1873302553727,35.91037837741761
3779,136.18893031926368,35.91044841787487
3776,136.18770031865216,35.91050839997433
3626,136.17726028338052,35.91055850225593
3778,136.1882803677157,35.91056842368606
3786,136.18861043892483,35.910598366248834
3627,136.17791022572095,35.910638475054746
3781,136.18691037734672,35.91065845012671
3780,136.18899030322967,35.910688443249356
3777,136.18833035757908,35.91069840065683
3782,136.18751032475913,35.910718444189186
3834,136.1891603872658,35.91072837194947
3783,136.18784029551568,35.91075839567964
3737,136.18255033483857,35.910758473269915
3736,136.18406030897864,35.91076841858137
3784,136.18833035343292,35.91078845102491
3785,136.1887203205894,35.91079837677493
3628,136.1774702530495,35.91083850597417
3629,136.17805030441866,35.91084845504195
3787,136.18873041376298,35.91092842304139
3661,136.18364033326472,35.9109984566405
3660,136.18329035818775,35.911088410905805
3835,136.18909027466822,35.91112840793669
3670,136.18250022104237,35.911148470680196
3630,136.17770031966862,35.911148496836
3789,136.18681036125,35.911188411694674
3663,136.18096034662392,35.91119849843172
3631,136.17822027326451,35.91121847843291
3662,136.18033029756862,35.91122847422022
3664,136.18138030852597,35.91126843828651
3669,136.1825003127463,35.9113284714288
3665,136.18285028276003,35.911348485401135
3668,136.18194035787013,35.911358438442605
3790,136.1871502242751,35.91137842730697
3791,136.1876102856066,35.911388434272666
3792,136.1879203593964,35.91139839862303
3666,136.183180353047,35.91139845582171
3667,136.18144029709438,35.911408504352806
3840,136.1890202666689,35.91142839462707
3796,136.18865039738418,35.911428438161785
3793,136.1868003491893,35.91146839157297
3633,136.1778402914689,35.911508460778954
3632,136.17850023527848,35.91153848909456
3671,136.18325033710428,35.911618463511985
3675,136.18113030764331,35.91173850364118
3676,136.181940339913,35.911748446726754
3677,136.18249019378868,35.91175842526392
3634,136.17811025753687,35.9117584587546
3794,136.18680033537376,35.91176844947834
3672,136.17959023416364,35.91176850353142
3678,136.18302034883806,35.911778442383266
3674,136.1805802514856,35.91177844976051
3673,136.18007029383477,35.91177850084746
3795,136.18867037914967,35.911788400009065
3836,136.1889403562663,35.91179843365163
3738,136.18372028932635,35.91180846139849
3635,136.17875030207682,35.91180851458046
3684,136.18152037156568,35.91181849189896
3799,136.18782034605917,35.91186842660157
3797,136.1871103050257,35.91186846419504
3798,136.18751037088313,35.91188838905194
3801,136.1888803557248,35.91191840977087
3689,136.18205032295046,35.91191846046309
3679,136.1799802944048,35.91192844323747
3800,136.18832029901313,35.911988422499576
3637,136.1782602344875,35.911988526766066
3803,136.18749036747568,35.91199846692853
3636,136.17881028834614,35.911998515305655
3804,136.1879303295579,35.912028421409545
3683,136.18113029152863,35.91208849620548
3680,136.17919025218876,35.912098451253385
3681,136.17953032348407,35.91210848612019
3682,136.17989029266784,35.91212849026824
3806,136.1869703028385,35.912168469660806
3802,136.18660023311415,35.91217842213216
3687,136.1820502105253,35.912188501577354
3691,136.18026025917868,35.91218851031077
3805,136.18827039348807,35.91219841916648
3688,136.18256026770743,35.91219844942266
3739,136.18366027635136,35.912198478633734
3639,136.17847030691232,35.91220849690733
3638,136.17902036077044,35.912218495445835
3839,136.18988035747955,35.91224842193991
3788,136.18884034338987,35.91225845270075
3740,136.18326030588415,35.91227849308892
3692,136.1811302827805,35.91227849588283
3690,136.180480336758,35.91227849453017
3693,136.181480253715,35.91227851199417
3807,136.18748025450208,35.91229845466501
3838,136.1894902866501,35.912318447636416
3837,136.18907031876637,35.91237842388561
3686,136.17964029961624,35.91242847381509
3809,136.1884602662073,35.91244842574219
3861,136.18898041932394,35.91252845626776
3685,136.17995026926727,35.912528508529654
3808,136.18764032923747,35.91255841965506
3641,136.1786502758499,35.91255849261514
3696,136.18147034072524,35.9125784897352
3744,136.18712036827318,35.91264847094081
3695,136.18076029646912,35.91264851984217
3698,136.18200029257088,35.9126684493699
3694,136.18254024680735,35.91268844666253
3702,136.1833402780646,35.91273841529225
3700,136.18301030500518,35.912748478452144
3697,136.18214027634014,35.91276846111772
3699,136.18269032881713,35.912808456447735
3640,136.17933020787024,35.912808497751016
3703,136.18145033087663,35.91282846264842
3844,136.18596035494062,35.912858488214894
3644,136.17883024616953,35.91287847153359
3741,136.18411030720426,35.912888482691294
3862,136.18908029353443,35.91290839737354
3843,136.18539029998476,35.91290840291866
3701,136.18285030724158,35.9129884799867
3704,136.1814502207547,35.9130484791134
3742,136.18353024202696,35.913178431546
3642,136.17959026785462,35.91320847951127
3841,136.18527029199234,35.91329841910606
3743,136.1820402560972,35.913388473053764
3863,136.18907027180438,35.913398384789126
3864,136.18966032279886,35.91339843509036
3643,136.17910019704036,35.913458534205034
3842,136.1858102379374,35.91349849713699
3845,136.18530027706942,35.913568420750266
3708,136.18072025697185,35.91357849967155
3707,136.18020029600936,35.91366851096157
3706,136.17979032775375,35.913718528450616
3850,136.18473021519955,35.913768499392276
3865,136.1890002601202,35.91377840291923
3705,136.17927026726045,35.913798530809444
3866,136.18964040511455,35.91381840982168
3849,136.18582032052404,35.913858478809246
3847,136.184830302744,35.913858481515994
3848,136.1853202615944,35.913868449008135
3846,136.18416025608968,35.913908454466934
3859,136.1865303587934,35.91391847479449
3851,136.18560033280994,35.91398843106687
3853,136.18631026970507,35.91407845383867
3852,136.18596029876966,35.9140784577252
3860,136.18674023077438,35.914148443862764
3867,136.1890402374579,35.91419845868809
3854,136.18564031014768,35.91440848683573
3855,136.1860102789632,35.91441845223219
3856,136.1863302505493,35.91445842354589
3868,136.18899032917287,35.91446839894335
3857,136.1856502959676,35.91469842599809
3869,136.18902038937466,35.91527848282133
3858,136.1848802240029,35.91547846911308
3870,136.18903027243877,35.91562845556066
3914,136.18414027071844,35.9157985119561
3915,136.1844502408349,35.91588843775193
3871,136.1890702557651,35.91591844524157
3916,136.18484030475358,35.91596850600114
3918,136.18413026234356,35.915998440396805
3920,136.18445033391677,35.916038511701544
3917,136.1841202567282,35.9161384352481
3923,136.18524026278777,35.91615852266304
3909,136.18648025934806,35.91616849325599
3921,136.18484019463168,35.91618852246612
3911,136.18730028940394,35.91620848330236
3919,136.1844402255502,35.9162384401405
3913,136.18766035765861,35.91624848531315
3907,136.18608028381712,35.916358485947754
3872,136.18912033088714,35.91636840798795
3922,136.18484028633563,35.91636852321473
3924,136.1840802420896,35.9165285128262
3873,136.18915031366134,35.916688424282526
3912,136.18777022412974,35.91677848054359
3910,136.18728026344058,35.91680844877987
3908,136.18685029914678,35.916808491265
3925,136.19005023293818,35.9168184160977
3906,136.1856802949356,35.91683843762508
3905,136.18527022760904,35.91686845725139
3904,136.18476026950057,35.91687844727525
4042,136.18901021332488,35.916948414026685
4041,136.18901029443822,35.91735843017251
4040,136.18901028200474,35.91762847128852
3928,136.19068033824215,35.91773848869239
4021,136.18831022632992,35.9179284669727
4028,136.1886501980953,35.91792847291046
4014,136.18791025908627,35.91793846891653
4037,136.18904026523938,35.9179384886526
4039,136.18905025704333,35.918098461716305
3930,136.1930002220961,35.91824844466934
4013,136.18790034471448,35.91826846344693
3931,136.19387024846154,35.91827840666161
4019,136.18820031934212,35.918278447618775
4027,136.18867027985246,35.91828843475948
4036,136.18903034856845,35.91831841784191
3929,136.1908202962315,35.918398410551426
4038,136.18904034128948,35.91845847303607
4012,136.18789022989844,35.918608466903265
4018,136.18815030691965,35.91863842824143
4026,136.1885902703794,35.91863846592238
4035,136.18901023504276,35.91864843219204
4029,136.18904022702603,35.91876843987982
4011,136.18788022059775,35.91882850319321
3932,136.191580208715,35.91892844713201
3933,136.19215026045188,35.91894844495031
4017,136.18815029218243,35.918958504005666
3934,136.1937903228659,35.9189784203916
4025,136.18855035803617,35.91897850885401
4034,136.18903031725617,35.918998485100936
4032,136.18903031035046,35.919148469058435
4010,136.18786030107145,35.91928848364547
4016,136.1881802740396,35.9192984381698
4024,136.18857034072286,35.91931846284136
4033,136.18900030363505,35.91934842714666
3286,136.17094010305033,35.91935859059629
4031,136.18896030327238,35.91942844788889
3279,136.17096019677598,35.91945861024911
3282,136.17066021984692,35.91949861073084
3281,136.17050013176188,35.919528584728496
4023,136.1888402077176,35.91954851294891
4015,136.18799027692205,35.919578514893864
4020,136.18823025653234,35.919588498017866
4022,136.18858022700735,35.919598493061834
4009,136.1876503010151,35.919668459334886
4008,136.18786028219264,35.91969850978848
4030,136.1887702057069,35.919718433551346
3276,136.17058011591084,35.919728564735614
3278,136.17100018102357,35.91972859207011
3936,136.19376028760192,35.91979842215906
3935,136.19124029412092,35.919858451720735
3280,136.1703501239561,35.91996865503806
3283,136.1706601917596,35.92010863548172
3277,136.17104015698334,35.92017857463795
3937,136.1914203501568,35.92048847747787
3294,136.1703601931922,35.92061859569588
3940,136.19362035087374,35.92084843740445
3300,136.17109012060092,35.9208785806376
3941,136.19401031526246,35.92091847672462
3942,136.1937403367633,35.92093846987034
3314,136.17093022973563,35.920968578218535
3938,136.19171029844878,35.921088478366016
3943,136.1952502993893,35.921198488433596
3308,136.17041016233384,35.92119862452845
3939,136.19299018478765,35.92124848360794
3946,136.1922503425486,35.92132845213139
3947,136.1925203192053,35.92134847470553
3945,136.1919201676661,35.92137847101407
3948,136.1938102079396,35.92143841761608
3309,136.17050014381041,35.921438610431146
3944,136.19175027394817,35.92154845986437
3954,136.19308026349267,35.92154848309323
3950,136.19230022090755,35.921708472355434
3926,136.1899503151452,35.921728449172136
3951,136.19290027015174,35.92172850069443
3952,136.19262029294293,35.921738504733945
3955,136.1937202011385,35.92174845288233
3953,136.1932602388765,35.92175847377619
3957,136.19496019585634,35.92179843919514
3949,136.191900249061,35.9218184436064
3956,136.19435024513004,35.9218284553304
3958,136.19549024907437,35.92185841203902
3297,136.17041012595877,35.92198865002619
3964,136.19489028508463,35.922158459466
3961,136.19274026318234,35.922168440843265
3963,136.19371028262097,35.92216848778189
3960,136.19235019097087,35.92226848332915
3962,136.19296024030635,35.922268493983935
3959,136.192040215334,35.92229845470895
3296,136.1707800809606,35.922298633332296
3295,136.1704302054122,35.92239864652343
3969,136.19377026244538,35.922498463535156
3972,136.19289033137753,35.922588488535986
3968,136.1924202676542,35.92264846391023
3927,136.18999026715971,35.92269849611316
3967,136.1910902748852,35.922718473190585
3966,136.1914702414855,35.92275851554463
3976,136.1948602594904,35.92276844369723
3971,136.19294021894544,35.92276850015323
3973,136.19334018342636,35.92281850179133
3974,136.1936701560217,35.92281851755338
3975,136.19414031651678,35.9228284747008
3965,136.1921002804133,35.92294849622926
3290,136.17278018354295,35.922978615537396
3970,136.19250024305546,35.92303843359578
3315,136.17072014587862,35.92316860923222
3980,136.19376033149805,35.92318845955928
3979,136.1933802616811,35.92321845971164
3978,136.19313018198747,35.92322850426905
3311,136.1705601545608,35.92326861574084
3985,136.19483023389574,35.9233784379274
3981,136.19383031417416,35.923438464041055
3316,136.17057014498266,35.92345860559391
3977,136.19278019954305,35.923478471419145
3291,136.17311023264693,35.92348865674814
3984,136.19442025965378,35.923558471509736
3983,136.19407028503628,35.92363844684241
3997,136.1931302608017,35.92368845507379
3289,136.17324021264284,35.92368865762632
3982,136.19279028811417,35.92370847699382
3302,136.17058013218005,35.923718627956205
3998,136.1936803114344,35.923768506119394
3313,136.17345018369335,35.92393865455412
4002,136.19347031414125,35.92408846822795
3987,136.1933102242124,35.92415848794225
3986,136.1929102565075,35.92417850881444
3988,136.19393027133677,35.92418848556426
3320,136.17063010592827,35.92419860749019
3989,136.19296024498834,35.9243385125735
3999,136.1939002650813,35.924378454720895
3991,136.19336020900838,35.924398523141036
3287,136.1738302300305,35.92441860985619
3990,136.1936702809562,35.92444849321233
3319,136.1707100863919,35.924478628935965
3992,136.19138026377337,35.9246084761
3994,136.19411023612952,35.92462850164336
3993,136.19313021659923,35.92464848238789
4001,136.19248026735406,35.924718473548715
3318,136.1707000757096,35.92472867201634
4003,136.19417022285967,35.92480849343912
4000,136.1936702643807,35.92480849470605
3288,136.17397019906667,35.92483860737787
3996,136.19451019278307,35.924848505097806
3995,136.19299020842755,35.92507846395122
3346,136.1721501318013,35.92523864279813
3380,136.17366010547866,35.92525863703473
3331,136.17120010977735,35.92525867406124
3329,136.17258019424156,35.925278676028185
3374,136.17270007876058,35.92539865528919
3383,136.1729501524684,35.925518616826146
3379,136.17414015087664,35.925578631193055
3334,136.17122009246404,35.92559862804859
3382,136.17305004002898,35.9256086089453
3317,136.17067003768608,35.92560860737321
3381,136.1731401284029,35.92569861089224
3359,136.1726601673428,35.925718600370516
3369,136.1730801287789,35.925798659142984
3348,136.17176013840216,35.925798676084476
3365,136.17358008633667,35.92581866573599
3385,136.17233008876943,35.925848600700014
3321,136.1707001227507,35.92587869900954
3372,136.17198021413856,35.92592868602266
3330,136.17095009784836,35.92596865375432
4004,136.19134020309448,35.92599849672276
3358,136.17265005528674,35.925998660238506
3384,136.1738801508281,35.926048616381635
3366,136.17343008636198,35.92608865423774
3326,136.17113007737652,35.926088634064904
3370,136.17422011660764,35.92617862841376
3322,136.17202009793354,35.92620867677133
3378,136.17305011193335,35.92621863369793
3364,136.17383014623303,35.92623859518793
3350,136.17202009609525,35.92624860250082
3376,136.1733900740312,35.92642860717725
3375,136.17417010924842,35.92642864079878
3355,136.17380013859184,35.92645866112539
3377,136.17272012690634,35.926488619056165
3367,136.17295010550225,35.92653866772004
3349,136.17233015698847,35.92653866689128
3332,136.17144012814367,35.926598624931714
3324,136.17183009575413,35.92659869173626
3368,136.17293010394138,35.926608639886396
3328,136.17213006854163,35.926648641633314
3371,136.17292010016848,35.92670861901782
3363,136.17332006234702,35.92680862530735
3361,136.1737401251569,35.9268586672922
3325,136.17187018045377,35.9268586746285
3356,136.1724600305478,35.92687864279579
3323,136.1714601126691,35.92689864319065
3351,136.1741401896304,35.92690864893419
3327,136.17220004983477,35.9269286829023
3340,136.17138001471704,35.92699863109679
3373,136.17300017970257,35.92700864832528
3362,136.17372001439534,35.92712864806361
3353,136.17407008117902,35.92721863455333
3386,136.17272009191333,35.927248627764534
4005,136.19133023853615,35.92741848466589
3357,136.1731100498586,35.927458612116
3333,136.17162007221845,35.92748861288118
3360,136.1733301274374,35.92754860633433
3354,136.1736900961594,35.92757863940965
3352,136.17411005989882,35.92760867353283
3342,136.17306004710133,35.927608675191735
3343,136.17246009600728,35.92762864257648
3344,136.17209002305617,35.927708677551706
3341,136.17173004926724,35.92778869270546
3338,136.17319002433769,35.927868609659335
3335,136.1730901229616,35.92807867544556
3337,136.1718401235519,35.928148626129456
3336,136.17265015581884,35.92815862920862
3339,136.17218009301214,35.92819869671222
3456,136.17177012107715,35.92832862565383
3345,136.17328009291163,35.928388645609225
3347,136.17257015048827,35.92841868999487
4006,136.19128018881696,35.92858850864515
3454,136.17262013620913,35.928638637342274
3455,136.1729400833914,35.9292086319639
4007,136.19125014158033,35.92966854259919